LHU277;TMAB;4;Ementa da disciplina, uma breve descrição;stack overflow;696
SVY243;TMAB;1;Ementa da disciplina, uma breve descrição;stack overflow;220
RTS195;TMAB;3;Ementa da disciplina, uma breve descrição;stack overflow;260
LPR172;TMAB;5;Ementa da disciplina, uma breve descrição;stack overflow;636
TZH256;TMAB;3;Ementa da disciplina, uma breve descrição;stack overflow;994
IVQ148;TMAB;5;Ementa da disciplina, uma breve descrição;stack overflow;10
TWR161;TMAB;3;Ementa da disciplina, uma breve descrição;stack overflow;862
QVL111;TMAB;6;Ementa da disciplina, uma breve descrição;stack overflow;702
CRA218;TMAB;2;Ementa da disciplina, uma breve descrição;stack overflow;123
NBB133;TMAB;2;Ementa da disciplina, uma breve descrição;stack overflow;385
NHG215;TMAB;6;Ementa da disciplina, uma breve descrição;stack overflow;766
BYY213;TMAB;1;Ementa da disciplina, uma breve descrição;stack overflow;650
POX126;TMAB;3;Ementa da disciplina, uma breve descrição;stack overflow;405
GAC246;TMAB;1;Ementa da disciplina, uma breve descrição;stack overflow;150
VIB200;TMAB;1;Ementa da disciplina, uma breve descrição;stack overflow;985
QPT287;TMAB;5;Ementa da disciplina, uma breve descrição;stack overflow;357
DGC264;TMAB;6;Ementa da disciplina, uma breve descrição;stack overflow;953
HOC248;TMAB;4;Ementa da disciplina, uma breve descrição;stack overflow;145
SCN283;TMAB;4;Ementa da disciplina, uma breve descrição;stack overflow;776
VQO136;TMAB;3;Ementa da disciplina, uma breve descrição;stack overflow;753
UJQ241;TMAB;1;Ementa da disciplina, uma breve descrição;stack overflow;360
FTP192;TMAB;4;Ementa da disciplina, uma breve descrição;stack overflow;247
RAW115;TMAB;3;Ementa da disciplina, uma breve descrição;stack overflow;200
IXA256;TMAB;1;Ementa da disciplina, uma breve descrição;stack overflow;54
BTH294;TMAB;5;Ementa da disciplina, uma breve descrição;stack overflow;652
LUW233;TMAB;6;Ementa da disciplina, uma breve descrição;stack overflow;599
NRS135;TMAB;5;Ementa da disciplina, uma breve descrição;stack overflow;307
PUT155;TMAB;2;Ementa da disciplina, uma breve descrição;stack overflow;5
PPY207;TMAB;4;Ementa da disciplina, uma breve descrição;stack overflow;558
HIK136;TMAB;1;Ementa da disciplina, uma breve descrição;stack overflow;647
VBN225;TMAB;6;Ementa da disciplina, uma breve descrição;stack overflow;31
YOK177;TMAB;6;Ementa da disciplina, uma breve descrição;stack overflow;845
LMV146;TMAB;2;Ementa da disciplina, uma breve descrição;stack overflow;728
JCZ176;TMAB;1;Ementa da disciplina, uma breve descrição;stack overflow;485
GTH296;TMAB;1;Ementa da disciplina, uma breve descrição;stack overflow;957
EYA214;TMAB;4;Ementa da disciplina, uma breve descrição;stack overflow;136
CJQ263;TMAB;4;Ementa da disciplina, uma breve descrição;stack overflow;963
PLD230;TMAB;4;Ementa da disciplina, uma breve descrição;stack overflow;784
ZLC208;TMAB;3;Ementa da disciplina, uma breve descrição;stack overflow;409
RWH153;TMAB;5;Ementa da disciplina, uma breve descrição;stack overflow;757
WXA291;TMAB;3;Ementa da disciplina, uma breve descrição;stack overflow;551
SWN211;TMAB;2;Ementa da disciplina, uma breve descrição;stack overflow;167
WKM215;TMAB;2;Ementa da disciplina, uma breve descrição;stack overflow;487
YKL151;TMAB;5;Ementa da disciplina, uma breve descrição;stack overflow;693
YKQ248;TMAB;5;Ementa da disciplina, uma breve descrição;stack overflow;464
SST119;TMAB;5;Ementa da disciplina, uma breve descrição;stack overflow;559
XXD104;TMAB;5;Ementa da disciplina, uma breve descrição;stack overflow;730
DVQ103;TMAB;6;Ementa da disciplina, uma breve descrição;stack overflow;384
HIM273;TMAB;4;Ementa da disciplina, uma breve descrição;stack overflow;878
AJC259;TMAB;4;Ementa da disciplina, uma breve descrição;stack overflow;688
SCA203;TMAB;2;Ementa da disciplina, uma breve descrição;stack overflow;116
XDA142;TMAB;6;Ementa da disciplina, uma breve descrição;stack overflow;472
MIP105;TMAB;4;Ementa da disciplina, uma breve descrição;stack overflow;562
AMB221;TMAB;1;Ementa da disciplina, uma breve descrição;stack overflow;694
AOR112;TMAB;1;Ementa da disciplina, uma breve descrição;stack overflow;531
PGV235;TMAB;5;Ementa da disciplina, uma breve descrição;stack overflow;106
YWL203;TMAB;2;Ementa da disciplina, uma breve descrição;stack overflow;830
WIQ126;TMAB;5;Ementa da disciplina, uma breve descrição;stack overflow;290
EMA169;TMAB;2;Ementa da disciplina, uma breve descrição;stack overflow;39
IAD170;TMAB;1;Ementa da disciplina, uma breve descrição;stack overflow;659
WUH185;TMAB;4;Ementa da disciplina, uma breve descrição;stack overflow;651
DMO292;TMAB;4;Ementa da disciplina, uma breve descrição;stack overflow;24
VYR103;TMAB;3;Ementa da disciplina, uma breve descrição;stack overflow;624
AOE146;TMAB;5;Ementa da disciplina, uma breve descrição;stack overflow;679
EPP207;TMAB;6;Ementa da disciplina, uma breve descrição;stack overflow;490
LBW178;TMAB;1;Ementa da disciplina, uma breve descrição;stack overflow;937
ZIU194;TMAB;5;Ementa da disciplina, uma breve descrição;stack overflow;181
LGI257;TMAB;6;Ementa da disciplina, uma breve descrição;stack overflow;265
HTZ254;TMAB;5;Ementa da disciplina, uma breve descrição;stack overflow;615
UGK270;TMAB;6;Ementa da disciplina, uma breve descrição;stack overflow;480
VOZ220;TMAB;1;Ementa da disciplina, uma breve descrição;stack overflow;76
UZQ165;TMAB;6;Ementa da disciplina, uma breve descrição;stack overflow;984
RJI124;TMAB;6;Ementa da disciplina, uma breve descrição;stack overflow;887
YTT248;TMAB;3;Ementa da disciplina, uma breve descrição;stack overflow;367
KSU100;TMAB;1;Ementa da disciplina, uma breve descrição;stack overflow;246
VTO211;TMAB;6;Ementa da disciplina, uma breve descrição;stack overflow;502
RVS297;TMAB;3;Ementa da disciplina, uma breve descrição;stack overflow;271
NFM271;TMAB;2;Ementa da disciplina, uma breve descrição;stack overflow;681
WVZ277;TMAB;6;Ementa da disciplina, uma breve descrição;stack overflow;34
QUW218;TMAB;4;Ementa da disciplina, uma breve descrição;stack overflow;321
FPR114;TMAB;6;Ementa da disciplina, uma breve descrição;stack overflow;814
MWZ165;TMAB;6;Ementa da disciplina, uma breve descrição;stack overflow;616
HUO118;TMAB;2;Ementa da disciplina, uma breve descrição;stack overflow;783
OND223;TMAB;1;Ementa da disciplina, uma breve descrição;stack overflow;676
VHJ248;TMAB;1;Ementa da disciplina, uma breve descrição;stack overflow;504
XKV200;TMAB;6;Ementa da disciplina, uma breve descrição;stack overflow;151
XUK178;TMAB;1;Ementa da disciplina, uma breve descrição;stack overflow;941
DLS104;TMAB;3;Ementa da disciplina, uma breve descrição;stack overflow;924
ABG160;TMAB;3;Ementa da disciplina, uma breve descrição;stack overflow;819
ILK233;TMAB;3;Ementa da disciplina, uma breve descrição;stack overflow;70
IIY200;TMAB;4;Ementa da disciplina, uma breve descrição;stack overflow;699
IVI275;TMAB;1;Ementa da disciplina, uma breve descrição;stack overflow;406
FWO170;TMAB;3;Ementa da disciplina, uma breve descrição;stack overflow;707
WPD151;TMAB;6;Ementa da disciplina, uma breve descrição;stack overflow;907
FQC106;TMAB;5;Ementa da disciplina, uma breve descrição;stack overflow;359
VGT198;TMAB;5;Ementa da disciplina, uma breve descrição;stack overflow;22
IRG204;TMAB;6;Ementa da disciplina, uma breve descrição;stack overflow;24
ZGM131;TMAB;1;Ementa da disciplina, uma breve descrição;stack overflow;685
DHW247;TMAB;1;Ementa da disciplina, uma breve descrição;stack overflow;708
YUS175;TMAB;5;Ementa da disciplina, uma breve descrição;stack overflow;215
TTI254;TMAB;6;Ementa da disciplina, uma breve descrição;stack overflow;77
ZEE148;TMAB;4;Ementa da disciplina, uma breve descrição;stack overflow;217
KCR131;TMAB;6;Ementa da disciplina, uma breve descrição;stack overflow;261
EQZ284;TMAB;4;Ementa da disciplina, uma breve descrição;stack overflow;816
WPT222;TMAB;6;Ementa da disciplina, uma breve descrição;stack overflow;650
ZMB186;TMAB;5;Ementa da disciplina, uma breve descrição;stack overflow;576
VRW189;TMAB;5;Ementa da disciplina, uma breve descrição;stack overflow;765
ZMK193;TMAB;6;Ementa da disciplina, uma breve descrição;stack overflow;211
ZGZ195;TMAB;1;Ementa da disciplina, uma breve descrição;stack overflow;969
UHJ245;TMAB;2;Ementa da disciplina, uma breve descrição;stack overflow;349
YOQ190;TMAB;4;Ementa da disciplina, uma breve descrição;stack overflow;777
PHM263;TMAB;5;Ementa da disciplina, uma breve descrição;stack overflow;847
GUW124;TMAB;1;Ementa da disciplina, uma breve descrição;stack overflow;994
TJE173;TMAB;1;Ementa da disciplina, uma breve descrição;stack overflow;769
NMQ246;TMAB;2;Ementa da disciplina, uma breve descrição;stack overflow;978
LDB242;TMAB;2;Ementa da disciplina, uma breve descrição;stack overflow;749
DIE288;TMAB;2;Ementa da disciplina, uma breve descrição;stack overflow;808
SRJ233;TMAB;3;Ementa da disciplina, uma breve descrição;stack overflow;160
UJV176;TMAB;2;Ementa da disciplina, uma breve descrição;stack overflow;254
BSI128;TMAB;6;Ementa da disciplina, uma breve descrição;stack overflow;900
JYZ261;TMAB;5;Ementa da disciplina, uma breve descrição;stack overflow;563
RZQ259;TMAB;3;Ementa da disciplina, uma breve descrição;stack overflow;259
EHO106;TMAB;4;Ementa da disciplina, uma breve descrição;stack overflow;429
ACX198;TMAB;6;Ementa da disciplina, uma breve descrição;stack overflow;110
IIJ140;TMAB;3;Ementa da disciplina, uma breve descrição;stack overflow;759
QWJ112;TMAB;5;Ementa da disciplina, uma breve descrição;stack overflow;855
WYQ257;TMAB;6;Ementa da disciplina, uma breve descrição;stack overflow;774
TAX125;TMAB;1;Ementa da disciplina, uma breve descrição;stack overflow;210
SFK298;TMAB;5;Ementa da disciplina, uma breve descrição;stack overflow;754
BLX235;TMAB;1;Ementa da disciplina, uma breve descrição;stack overflow;763
VLB265;TMAB;1;Ementa da disciplina, uma breve descrição;stack overflow;698
SUB255;TMAB;1;Ementa da disciplina, uma breve descrição;stack overflow;795
WET102;TMAB;6;Ementa da disciplina, uma breve descrição;stack overflow;400
SLU224;TMAB;2;Ementa da disciplina, uma breve descrição;stack overflow;732
CZA135;TMAB;2;Ementa da disciplina, uma breve descrição;stack overflow;678
ZLD197;TMAB;3;Ementa da disciplina, uma breve descrição;stack overflow;302
QZF239;TMAB;5;Ementa da disciplina, uma breve descrição;stack overflow;440
SRV155;TMAB;2;Ementa da disciplina, uma breve descrição;stack overflow;538
JOI154;TMAB;6;Ementa da disciplina, uma breve descrição;stack overflow;683
GKP218;TMAB;2;Ementa da disciplina, uma breve descrição;stack overflow;878
PJE245;TMAB;6;Ementa da disciplina, uma breve descrição;stack overflow;246
SSM297;TMAB;5;Ementa da disciplina, uma breve descrição;stack overflow;777
NPK259;TMAB;3;Ementa da disciplina, uma breve descrição;stack overflow;151
SRH223;TMAB;5;Ementa da disciplina, uma breve descrição;stack overflow;186
YVC286;TMAB;5;Ementa da disciplina, uma breve descrição;stack overflow;265
MTU276;TMAB;2;Ementa da disciplina, uma breve descrição;stack overflow;835
ZJV218;TMAB;6;Ementa da disciplina, uma breve descrição;stack overflow;284
BIF279;TMAB;2;Ementa da disciplina, uma breve descrição;stack overflow;459
VIA224;TMAB;4;Ementa da disciplina, uma breve descrição;stack overflow;412
ZUL241;TMAB;4;Ementa da disciplina, uma breve descrição;stack overflow;651
XXQ122;TMAB;3;Ementa da disciplina, uma breve descrição;stack overflow;142
VTX282;TMAB;5;Ementa da disciplina, uma breve descrição;stack overflow;272
PZR155;TMAB;1;Ementa da disciplina, uma breve descrição;stack overflow;855
NOD123;TMAB;3;Ementa da disciplina, uma breve descrição;stack overflow;258
HVO186;TMAB;3;Ementa da disciplina, uma breve descrição;stack overflow;63
OKW116;TMAB;1;Ementa da disciplina, uma breve descrição;stack overflow;716
QYM191;TMAB;2;Ementa da disciplina, uma breve descrição;stack overflow;757
CDA159;TMAB;1;Ementa da disciplina, uma breve descrição;stack overflow;740
QMI236;TMAB;3;Ementa da disciplina, uma breve descrição;stack overflow;20
BVP133;TMAB;2;Ementa da disciplina, uma breve descrição;stack overflow;196
GNE127;TMAB;1;Ementa da disciplina, uma breve descrição;stack overflow;182
ENL136;TMAB;4;Ementa da disciplina, uma breve descrição;stack overflow;818
MYU272;TMAB;1;Ementa da disciplina, uma breve descrição;stack overflow;928
CZN105;TMAB;2;Ementa da disciplina, uma breve descrição;stack overflow;964
KPZ223;TMAB;5;Ementa da disciplina, uma breve descrição;stack overflow;941
PBQ283;TMAB;5;Ementa da disciplina, uma breve descrição;stack overflow;911
BDU272;TMAB;3;Ementa da disciplina, uma breve descrição;stack overflow;262
DXD208;TMAB;5;Ementa da disciplina, uma breve descrição;stack overflow;873
ZUG249;TMAB;1;Ementa da disciplina, uma breve descrição;stack overflow;545
MLT298;TMAB;4;Ementa da disciplina, uma breve descrição;stack overflow;845
SDY115;TMAB;6;Ementa da disciplina, uma breve descrição;stack overflow;721
OHA253;TMAB;4;Ementa da disciplina, uma breve descrição;stack overflow;406
SQB200;TMAB;3;Ementa da disciplina, uma breve descrição;stack overflow;14
CIY139;TMAB;4;Ementa da disciplina, uma breve descrição;stack overflow;567
EJJ188;TMAB;4;Ementa da disciplina, uma breve descrição;stack overflow;37
UKP128;TMAB;4;Ementa da disciplina, uma breve descrição;stack overflow;18
BMN167;TMAB;4;Ementa da disciplina, uma breve descrição;stack overflow;91
JFF176;TMAB;6;Ementa da disciplina, uma breve descrição;stack overflow;119
KRP218;TMAB;1;Ementa da disciplina, uma breve descrição;stack overflow;669
CDK198;TMAB;5;Ementa da disciplina, uma breve descrição;stack overflow;422
UYO273;TMAB;6;Ementa da disciplina, uma breve descrição;stack overflow;403
PNX231;TMAB;6;Ementa da disciplina, uma breve descrição;stack overflow;703
TCG112;TMAB;6;Ementa da disciplina, uma breve descrição;stack overflow;966
NVW230;TMAB;4;Ementa da disciplina, uma breve descrição;stack overflow;362
NNG169;TMAB;1;Ementa da disciplina, uma breve descrição;stack overflow;406
JSA161;TMAB;3;Ementa da disciplina, uma breve descrição;stack overflow;386
TUC181;TMAB;2;Ementa da disciplina, uma breve descrição;stack overflow;280
CIV188;TMAB;5;Ementa da disciplina, uma breve descrição;stack overflow;855
THL201;TMAB;5;Ementa da disciplina, uma breve descrição;stack overflow;967
BIQ229;TMAB;1;Ementa da disciplina, uma breve descrição;stack overflow;355
LBZ203;TMAB;6;Ementa da disciplina, uma breve descrição;stack overflow;402
LJW248;TMAB;6;Ementa da disciplina, uma breve descrição;stack overflow;315
MDD189;TMAB;1;Ementa da disciplina, uma breve descrição;stack overflow;734
RNV268;TMAB;1;Ementa da disciplina, uma breve descrição;stack overflow;346
VON274;TMAB;2;Ementa da disciplina, uma breve descrição;stack overflow;556
KDI182;TMAB;5;Ementa da disciplina, uma breve descrição;stack overflow;530
UUI223;TMAB;4;Ementa da disciplina, uma breve descrição;stack overflow;214
YCI284;TMAB;6;Ementa da disciplina, uma breve descrição;stack overflow;492
AVW228;TMAB;5;Ementa da disciplina, uma breve descrição;stack overflow;493
VGS205;TMAB;2;Ementa da disciplina, uma breve descrição;stack overflow;578
LJF139;TMAB;3;Ementa da disciplina, uma breve descrição;stack overflow;798
NRY176;TMAB;5;Ementa da disciplina, uma breve descrição;stack overflow;241
BQO144;TMAB;3;Ementa da disciplina, uma breve descrição;stack overflow;749
BRY282;TMAB;5;Ementa da disciplina, uma breve descrição;stack overflow;84
HKB130;TMAB;4;Ementa da disciplina, uma breve descrição;stack overflow;961
SDJ164;TMAB;3;Ementa da disciplina, uma breve descrição;stack overflow;934
YZL162;TMAB;2;Ementa da disciplina, uma breve descrição;stack overflow;394
WWZ196;TMAB;6;Ementa da disciplina, uma breve descrição;stack overflow;336
EZW186;TMAB;4;Ementa da disciplina, uma breve descrição;stack overflow;320
IHF267;TMAB;2;Ementa da disciplina, uma breve descrição;stack overflow;843
SQO247;TMAB;1;Ementa da disciplina, uma breve descrição;stack overflow;718
SVI248;TMAB;4;Ementa da disciplina, uma breve descrição;stack overflow;639
CSB298;TMAB;2;Ementa da disciplina, uma breve descrição;stack overflow;717
BDB155;TMAB;6;Ementa da disciplina, uma breve descrição;stack overflow;477
UAJ195;TMAB;5;Ementa da disciplina, uma breve descrição;stack overflow;628
RHZ285;TMAB;5;Ementa da disciplina, uma breve descrição;stack overflow;713
SRK119;TMAB;5;Ementa da disciplina, uma breve descrição;stack overflow;8
LML158;TMAB;4;Ementa da disciplina, uma breve descrição;stack overflow;275
OKX157;TMAB;4;Ementa da disciplina, uma breve descrição;stack overflow;376
DAO158;TMAB;6;Ementa da disciplina, uma breve descrição;stack overflow;471
EUS164;TMAB;2;Ementa da disciplina, uma breve descrição;stack overflow;572
VGA201;TMAB;4;Ementa da disciplina, uma breve descrição;stack overflow;874
MGZ135;TMAB;1;Ementa da disciplina, uma breve descrição;stack overflow;71
FQQ277;TMAB;1;Ementa da disciplina, uma breve descrição;stack overflow;519
CKB124;TMAB;6;Ementa da disciplina, uma breve descrição;stack overflow;681
IZA278;TMAB;2;Ementa da disciplina, uma breve descrição;stack overflow;227
GMI201;TMAB;5;Ementa da disciplina, uma breve descrição;stack overflow;824
IIZ220;TMAB;4;Ementa da disciplina, uma breve descrição;stack overflow;685
DBZ128;TMAB;4;Ementa da disciplina, uma breve descrição;stack overflow;650
IYJ108;TMAB;1;Ementa da disciplina, uma breve descrição;stack overflow;594
JGZ245;TMAB;4;Ementa da disciplina, uma breve descrição;stack overflow;4
XAF157;TMAB;4;Ementa da disciplina, uma breve descrição;stack overflow;79
BOV182;TMAB;2;Ementa da disciplina, uma breve descrição;stack overflow;485
GVS267;TMAB;5;Ementa da disciplina, uma breve descrição;stack overflow;319
LOY162;TMAB;2;Ementa da disciplina, uma breve descrição;stack overflow;25
URU241;TMAB;1;Ementa da disciplina, uma breve descrição;stack overflow;47
RMX221;TMAB;2;Ementa da disciplina, uma breve descrição;stack overflow;232
KTH211;TMAB;3;Ementa da disciplina, uma breve descrição;stack overflow;711
JFD283;TMAB;5;Ementa da disciplina, uma breve descrição;stack overflow;335
AWZ226;TMAB;6;Ementa da disciplina, uma breve descrição;stack overflow;819
ILI244;TMAB;1;Ementa da disciplina, uma breve descrição;stack overflow;649
FXX220;TMAB;1;Ementa da disciplina, uma breve descrição;stack overflow;82
PWF256;TMAB;5;Ementa da disciplina, uma breve descrição;stack overflow;629
QPD292;TMAB;4;Ementa da disciplina, uma breve descrição;stack overflow;493
SJD283;TMAB;3;Ementa da disciplina, uma breve descrição;stack overflow;443
NRN286;TMAB;2;Ementa da disciplina, uma breve descrição;stack overflow;52
YNC170;TMAB;5;Ementa da disciplina, uma breve descrição;stack overflow;491
HRS173;TMAB;5;Ementa da disciplina, uma breve descrição;stack overflow;645
GKU102;TMAB;3;Ementa da disciplina, uma breve descrição;stack overflow;606
QJE216;TMAB;5;Ementa da disciplina, uma breve descrição;stack overflow;478
VRS192;TMAB;4;Ementa da disciplina, uma breve descrição;stack overflow;800
KUN219;TMAB;2;Ementa da disciplina, uma breve descrição;stack overflow;196
EPE159;TMAB;2;Ementa da disciplina, uma breve descrição;stack overflow;605
PWJ179;TMAB;6;Ementa da disciplina, uma breve descrição;stack overflow;788
HFU159;TMAB;1;Ementa da disciplina, uma breve descrição;stack overflow;330
DSH212;TMAB;3;Ementa da disciplina, uma breve descrição;stack overflow;377
CVG226;TMAB;1;Ementa da disciplina, uma breve descrição;stack overflow;447
XHS230;TMAB;6;Ementa da disciplina, uma breve descrição;stack overflow;726
WNC124;TMAB;4;Ementa da disciplina, uma breve descrição;stack overflow;660
IUR181;TMAB;1;Ementa da disciplina, uma breve descrição;stack overflow;6
LVV209;TMAB;1;Ementa da disciplina, uma breve descrição;stack overflow;225
RKI217;TMAB;2;Ementa da disciplina, uma breve descrição;stack overflow;489
HAZ114;TMAB;4;Ementa da disciplina, uma breve descrição;stack overflow;809
QDI118;TMAB;1;Ementa da disciplina, uma breve descrição;stack overflow;962
PMM232;TMAB;6;Ementa da disciplina, uma breve descrição;stack overflow;208
TWO133;TMAB;1;Ementa da disciplina, uma breve descrição;stack overflow;822
KMJ272;TMAB;3;Ementa da disciplina, uma breve descrição;stack overflow;652
MTR115;TMAB;6;Ementa da disciplina, uma breve descrição;stack overflow;119
DEJ176;TMAB;1;Ementa da disciplina, uma breve descrição;stack overflow;282
JLB208;TMAB;3;Ementa da disciplina, uma breve descrição;stack overflow;113
VFQ137;TMAB;3;Ementa da disciplina, uma breve descrição;stack overflow;586
JLN235;TMAB;2;Ementa da disciplina, uma breve descrição;stack overflow;459
BDF159;TMAB;1;Ementa da disciplina, uma breve descrição;stack overflow;461
UXR228;TMAB;5;Ementa da disciplina, uma breve descrição;stack overflow;521
ALL109;TMAB;6;Ementa da disciplina, uma breve descrição;stack overflow;756
IYF210;TMAB;4;Ementa da disciplina, uma breve descrição;stack overflow;752
RSC260;TMAB;5;Ementa da disciplina, uma breve descrição;stack overflow;283
XBG278;TMAB;4;Ementa da disciplina, uma breve descrição;stack overflow;588
IJB149;TMAB;3;Ementa da disciplina, uma breve descrição;stack overflow;456
HRO208;TMAB;6;Ementa da disciplina, uma breve descrição;stack overflow;934
LUJ197;TMAB;6;Ementa da disciplina, uma breve descrição;stack overflow;526
VRC257;TMAB;6;Ementa da disciplina, uma breve descrição;stack overflow;929
VEX217;TMAB;1;Ementa da disciplina, uma breve descrição;stack overflow;79
TME281;TMAB;2;Ementa da disciplina, uma breve descrição;stack overflow;207
NWH114;TMAB;6;Ementa da disciplina, uma breve descrição;stack overflow;16
POC147;TMAB;1;Ementa da disciplina, uma breve descrição;stack overflow;270
UOU219;TMAB;5;Ementa da disciplina, uma breve descrição;stack overflow;102
RTL294;TMAB;4;Ementa da disciplina, uma breve descrição;stack overflow;144
GSV137;TMAB;5;Ementa da disciplina, uma breve descrição;stack overflow;537
VKG277;TMAB;1;Ementa da disciplina, uma breve descrição;stack overflow;258
RTE203;TMAB;2;Ementa da disciplina, uma breve descrição;stack overflow;70
WLO233;TMAB;5;Ementa da disciplina, uma breve descrição;stack overflow;916
FTA226;TMAB;1;Ementa da disciplina, uma breve descrição;stack overflow;603
AUH293;TMAB;3;Ementa da disciplina, uma breve descrição;stack overflow;762
DRQ171;TMAB;6;Ementa da disciplina, uma breve descrição;stack overflow;542
VJT258;TMAB;2;Ementa da disciplina, uma breve descrição;stack overflow;354
NPR195;TMAB;3;Ementa da disciplina, uma breve descrição;stack overflow;487
OCS149;TMAB;1;Ementa da disciplina, uma breve descrição;stack overflow;110
HUN162;TMAB;3;Ementa da disciplina, uma breve descrição;stack overflow;119
DMY239;TMAB;4;Ementa da disciplina, uma breve descrição;stack overflow;436
HRV284;TMAB;1;Ementa da disciplina, uma breve descrição;stack overflow;255
RDU195;TMAB;1;Ementa da disciplina, uma breve descrição;stack overflow;739
PBS260;TMAB;3;Ementa da disciplina, uma breve descrição;stack overflow;493
XRG221;TMAB;5;Ementa da disciplina, uma breve descrição;stack overflow;400
LLT130;TMAB;3;Ementa da disciplina, uma breve descrição;stack overflow;452
PGZ161;TMAB;4;Ementa da disciplina, uma breve descrição;stack overflow;1
ZTK190;TMAB;6;Ementa da disciplina, uma breve descrição;stack overflow;298
ESD202;TMAB;5;Ementa da disciplina, uma breve descrição;stack overflow;33
PLP277;TMAB;6;Ementa da disciplina, uma breve descrição;stack overflow;328
KRM269;TMAB;3;Ementa da disciplina, uma breve descrição;stack overflow;165
NNU132;TMAB;1;Ementa da disciplina, uma breve descrição;stack overflow;884
IOY117;TMAB;5;Ementa da disciplina, uma breve descrição;stack overflow;901
KNT268;TMAB;5;Ementa da disciplina, uma breve descrição;stack overflow;946
VQG248;TMAB;3;Ementa da disciplina, uma breve descrição;stack overflow;414
QDH141;TMAB;3;Ementa da disciplina, uma breve descrição;stack overflow;893
ITK170;TMAB;3;Ementa da disciplina, uma breve descrição;stack overflow;902
NMQ174;TMAB;2;Ementa da disciplina, uma breve descrição;stack overflow;607
BQB169;TMAB;3;Ementa da disciplina, uma breve descrição;stack overflow;345
XKW107;TMAB;3;Ementa da disciplina, uma breve descrição;stack overflow;152
ZPF113;TMAB;4;Ementa da disciplina, uma breve descrição;stack overflow;852
ZPJ216;TMAB;1;Ementa da disciplina, uma breve descrição;stack overflow;141
VHY146;TMAB;5;Ementa da disciplina, uma breve descrição;stack overflow;551
DSL278;TMAB;1;Ementa da disciplina, uma breve descrição;stack overflow;216
EFX134;TMAB;3;Ementa da disciplina, uma breve descrição;stack overflow;991
TNW252;TMAB;1;Ementa da disciplina, uma breve descrição;stack overflow;297
VYY231;TMAB;1;Ementa da disciplina, uma breve descrição;stack overflow;684
QWV208;TMAB;2;Ementa da disciplina, uma breve descrição;stack overflow;451
ZSP233;TMAB;1;Ementa da disciplina, uma breve descrição;stack overflow;839
RBY294;TMAB;6;Ementa da disciplina, uma breve descrição;stack overflow;688
UXA179;TMAB;6;Ementa da disciplina, uma breve descrição;stack overflow;392
YUB105;TMAB;3;Ementa da disciplina, uma breve descrição;stack overflow;64
GXZ229;TMAB;3;Ementa da disciplina, uma breve descrição;stack overflow;286
UFT111;TMAB;3;Ementa da disciplina, uma breve descrição;stack overflow;608
XVM101;TMAB;3;Ementa da disciplina, uma breve descrição;stack overflow;808
QIZ202;TMAB;5;Ementa da disciplina, uma breve descrição;stack overflow;783
UAJ234;TMAB;4;Ementa da disciplina, uma breve descrição;stack overflow;171
LAR277;TMAB;5;Ementa da disciplina, uma breve descrição;stack overflow;470
NTZ245;TMAB;5;Ementa da disciplina, uma breve descrição;stack overflow;211
MFA267;TMAB;5;Ementa da disciplina, uma breve descrição;stack overflow;608
KEE213;TMAB;2;Ementa da disciplina, uma breve descrição;stack overflow;335
ECP135;TMAB;6;Ementa da disciplina, uma breve descrição;stack overflow;511
VLG114;TMAB;2;Ementa da disciplina, uma breve descrição;stack overflow;711
PZE168;TMAB;3;Ementa da disciplina, uma breve descrição;stack overflow;448
YZJ149;TMAB;5;Ementa da disciplina, uma breve descrição;stack overflow;321
AKA195;TMAB;4;Ementa da disciplina, uma breve descrição;stack overflow;425
ZXM278;TMAB;5;Ementa da disciplina, uma breve descrição;stack overflow;100
OXW230;TMAB;1;Ementa da disciplina, uma breve descrição;stack overflow;74
YAQ198;TMAB;3;Ementa da disciplina, uma breve descrição;stack overflow;459
ZMX233;TMAB;2;Ementa da disciplina, uma breve descrição;stack overflow;257
YHK134;TMAB;4;Ementa da disciplina, uma breve descrição;stack overflow;654
SSZ104;TMAB;4;Ementa da disciplina, uma breve descrição;stack overflow;402
QDU279;TMAB;6;Ementa da disciplina, uma breve descrição;stack overflow;221
PVQ239;TMAB;6;Ementa da disciplina, uma breve descrição;stack overflow;765
QOE221;TMAB;1;Ementa da disciplina, uma breve descrição;stack overflow;254
ZFX278;TMAB;3;Ementa da disciplina, uma breve descrição;stack overflow;105
LTC222;TMAB;3;Ementa da disciplina, uma breve descrição;stack overflow;424
HVE246;TMAB;6;Ementa da disciplina, uma breve descrição;stack overflow;434
EXA143;TMAB;1;Ementa da disciplina, uma breve descrição;stack overflow;375
RMP266;TMAB;3;Ementa da disciplina, uma breve descrição;stack overflow;934
TPM177;TMAB;4;Ementa da disciplina, uma breve descrição;stack overflow;850
ZRX234;TMAB;4;Ementa da disciplina, uma breve descrição;stack overflow;797
OBE232;TMAB;2;Ementa da disciplina, uma breve descrição;stack overflow;795
THI251;TMAB;5;Ementa da disciplina, uma breve descrição;stack overflow;209
COX157;TMAB;1;Ementa da disciplina, uma breve descrição;stack overflow;342
ESH147;TMAB;2;Ementa da disciplina, uma breve descrição;stack overflow;715
KCP165;TMAB;2;Ementa da disciplina, uma breve descrição;stack overflow;381
OZG133;TMAB;2;Ementa da disciplina, uma breve descrição;stack overflow;568
BFU241;TMAB;1;Ementa da disciplina, uma breve descrição;stack overflow;682
AEB168;TMAB;1;Ementa da disciplina, uma breve descrição;stack overflow;980
QAH119;TMAB;6;Ementa da disciplina, uma breve descrição;stack overflow;222
FNM157;TMAB;5;Ementa da disciplina, uma breve descrição;stack overflow;885
GSF242;TMAB;4;Ementa da disciplina, uma breve descrição;stack overflow;42
ABQ281;TMAB;1;Ementa da disciplina, uma breve descrição;stack overflow;921
KMA286;TMAB;3;Ementa da disciplina, uma breve descrição;stack overflow;539
NKU152;TMAB;2;Ementa da disciplina, uma breve descrição;stack overflow;739
NEM294;TMAB;4;Ementa da disciplina, uma breve descrição;stack overflow;50
LRT242;TMAB;4;Ementa da disciplina, uma breve descrição;stack overflow;908
AIO146;TMAB;3;Ementa da disciplina, uma breve descrição;stack overflow;772
CRU162;TMAB;5;Ementa da disciplina, uma breve descrição;stack overflow;534
SRA155;TMAB;2;Ementa da disciplina, uma breve descrição;stack overflow;510
VUU269;TMAB;3;Ementa da disciplina, uma breve descrição;stack overflow;302
TSI105;TMAB;4;Ementa da disciplina, uma breve descrição;stack overflow;988
PYA201;TMAB;4;Ementa da disciplina, uma breve descrição;stack overflow;387
SDY216;TMAB;4;Ementa da disciplina, uma breve descrição;stack overflow;355
GXY167;TMAB;2;Ementa da disciplina, uma breve descrição;stack overflow;65
DFI134;TMAB;4;Ementa da disciplina, uma breve descrição;stack overflow;629
IJU242;TMAB;6;Ementa da disciplina, uma breve descrição;stack overflow;898
LHD120;TMAB;4;Ementa da disciplina, uma breve descrição;stack overflow;789
CCM112;TMAB;4;Ementa da disciplina, uma breve descrição;stack overflow;294
PKE262;TMAB;5;Ementa da disciplina, uma breve descrição;stack overflow;571
XBE232;TMAB;2;Ementa da disciplina, uma breve descrição;stack overflow;241
OIX212;TMAB;4;Ementa da disciplina, uma breve descrição;stack overflow;666
BWE101;TMAB;5;Ementa da disciplina, uma breve descrição;stack overflow;717
QAE203;TMAB;1;Ementa da disciplina, uma breve descrição;stack overflow;295
QEG242;TMAB;1;Ementa da disciplina, uma breve descrição;stack overflow;193
DFA240;TMAB;3;Ementa da disciplina, uma breve descrição;stack overflow;891
NTJ159;TMAB;1;Ementa da disciplina, uma breve descrição;stack overflow;802
MHE147;TMAB;2;Ementa da disciplina, uma breve descrição;stack overflow;212
BGS140;TMAB;5;Ementa da disciplina, uma breve descrição;stack overflow;809
VZB259;TMAB;2;Ementa da disciplina, uma breve descrição;stack overflow;928
UHJ252;TMAB;6;Ementa da disciplina, uma breve descrição;stack overflow;596
WGD208;TMAB;2;Ementa da disciplina, uma breve descrição;stack overflow;259
SUZ291;TMAB;4;Ementa da disciplina, uma breve descrição;stack overflow;712
IQG169;TMAB;1;Ementa da disciplina, uma breve descrição;stack overflow;154
GNM283;TMAB;5;Ementa da disciplina, uma breve descrição;stack overflow;263
IZG271;TMAB;2;Ementa da disciplina, uma breve descrição;stack overflow;576
ZNF268;TMAB;5;Ementa da disciplina, uma breve descrição;stack overflow;430
YWQ202;TMAB;2;Ementa da disciplina, uma breve descrição;stack overflow;560
FFG290;TMAB;2;Ementa da disciplina, uma breve descrição;stack overflow;185
YGS172;TMAB;5;Ementa da disciplina, uma breve descrição;stack overflow;364
LLK100;TMAB;1;Ementa da disciplina, uma breve descrição;stack overflow;338
UVI187;TMAB;5;Ementa da disciplina, uma breve descrição;stack overflow;765
GUQ146;TMAB;2;Ementa da disciplina, uma breve descrição;stack overflow;391
LBX234;TMAB;2;Ementa da disciplina, uma breve descrição;stack overflow;755
HAH142;TMAB;3;Ementa da disciplina, uma breve descrição;stack overflow;795
CEY130;TMAB;6;Ementa da disciplina, uma breve descrição;stack overflow;439
HVK143;TMAB;3;Ementa da disciplina, uma breve descrição;stack overflow;847
XNY165;TMAB;1;Ementa da disciplina, uma breve descrição;stack overflow;326
MIC194;TMAB;6;Ementa da disciplina, uma breve descrição;stack overflow;369
UET100;TMAB;6;Ementa da disciplina, uma breve descrição;stack overflow;512
BPS210;TMAB;3;Ementa da disciplina, uma breve descrição;stack overflow;5
KVU131;TMAB;2;Ementa da disciplina, uma breve descrição;stack overflow;393
VNY146;TMAB;3;Ementa da disciplina, uma breve descrição;stack overflow;771
JKT241;TMAB;2;Ementa da disciplina, uma breve descrição;stack overflow;719
WUV169;TMAB;5;Ementa da disciplina, uma breve descrição;stack overflow;433
EAC236;TMAB;3;Ementa da disciplina, uma breve descrição;stack overflow;484
NNX230;TMAB;5;Ementa da disciplina, uma breve descrição;stack overflow;737
JTN245;TMAB;5;Ementa da disciplina, uma breve descrição;stack overflow;69
AXF236;TMAB;2;Ementa da disciplina, uma breve descrição;stack overflow;477
DGI223;TMAB;3;Ementa da disciplina, uma breve descrição;stack overflow;364
KVV223;TMAB;4;Ementa da disciplina, uma breve descrição;stack overflow;617
CUF118;TMAB;2;Ementa da disciplina, uma breve descrição;stack overflow;818
LTD200;TMAB;5;Ementa da disciplina, uma breve descrição;stack overflow;17
IAM150;TMAB;6;Ementa da disciplina, uma breve descrição;stack overflow;856
DQJ190;TMAB;4;Ementa da disciplina, uma breve descrição;stack overflow;60
PBN258;TMAB;5;Ementa da disciplina, uma breve descrição;stack overflow;55
TVI221;TMAB;1;Ementa da disciplina, uma breve descrição;stack overflow;856
BBU207;TMAB;6;Ementa da disciplina, uma breve descrição;stack overflow;366
ZWP212;TMAB;4;Ementa da disciplina, uma breve descrição;stack overflow;343
GNK201;TMAB;4;Ementa da disciplina, uma breve descrição;stack overflow;476
FGF202;TMAB;4;Ementa da disciplina, uma breve descrição;stack overflow;738
GWY228;TMAB;1;Ementa da disciplina, uma breve descrição;stack overflow;662
TBN121;TMAB;2;Ementa da disciplina, uma breve descrição;stack overflow;165
QKD253;TMAB;5;Ementa da disciplina, uma breve descrição;stack overflow;322
LKC174;TMAB;1;Ementa da disciplina, uma breve descrição;stack overflow;91
MGK122;TMAB;6;Ementa da disciplina, uma breve descrição;stack overflow;980
MLI255;TMAB;6;Ementa da disciplina, uma breve descrição;stack overflow;394
XQF215;TMAB;3;Ementa da disciplina, uma breve descrição;stack overflow;576
NTP191;TMAB;2;Ementa da disciplina, uma breve descrição;stack overflow;233
FNE283;TMAB;5;Ementa da disciplina, uma breve descrição;stack overflow;840
XOC278;TMAB;5;Ementa da disciplina, uma breve descrição;stack overflow;680
PXX219;TMAB;5;Ementa da disciplina, uma breve descrição;stack overflow;168
UCU181;TMAB;2;Ementa da disciplina, uma breve descrição;stack overflow;848
VQW182;TMAB;6;Ementa da disciplina, uma breve descrição;stack overflow;344
TNM233;TMAB;6;Ementa da disciplina, uma breve descrição;stack overflow;4
GKE153;TMAB;6;Ementa da disciplina, uma breve descrição;stack overflow;825
YXY293;TMAB;1;Ementa da disciplina, uma breve descrição;stack overflow;79
JGJ259;TMAB;6;Ementa da disciplina, uma breve descrição;stack overflow;874
IRN285;TMAB;2;Ementa da disciplina, uma breve descrição;stack overflow;479
GPQ124;TMAB;2;Ementa da disciplina, uma breve descrição;stack overflow;933
KBE112;TMAB;1;Ementa da disciplina, uma breve descrição;stack overflow;498
IKT218;TMAB;1;Ementa da disciplina, uma breve descrição;stack overflow;53
GHG135;TMAB;5;Ementa da disciplina, uma breve descrição;stack overflow;488
SIJ204;TMAB;5;Ementa da disciplina, uma breve descrição;stack overflow;114
YUH292;TMAB;6;Ementa da disciplina, uma breve descrição;stack overflow;320
XMP203;TMAB;4;Ementa da disciplina, uma breve descrição;stack overflow;7
ZPO116;TMAB;5;Ementa da disciplina, uma breve descrição;stack overflow;742
XGR190;TMAB;5;Ementa da disciplina, uma breve descrição;stack overflow;514
PVF128;TMAB;5;Ementa da disciplina, uma breve descrição;stack overflow;172
XOY117;TMAB;2;Ementa da disciplina, uma breve descrição;stack overflow;374
HFW233;TMAB;4;Ementa da disciplina, uma breve descrição;stack overflow;688
PPK233;TMAB;1;Ementa da disciplina, uma breve descrição;stack overflow;805
YZA290;TMAB;2;Ementa da disciplina, uma breve descrição;stack overflow;591
NEM130;TMAB;2;Ementa da disciplina, uma breve descrição;stack overflow;833
QOD291;TMAB;1;Ementa da disciplina, uma breve descrição;stack overflow;311
TIW297;TMAB;4;Ementa da disciplina, uma breve descrição;stack overflow;660
XBN147;TMAB;2;Ementa da disciplina, uma breve descrição;stack overflow;818
OUW151;TMAB;6;Ementa da disciplina, uma breve descrição;stack overflow;302
HLM117;TMAB;2;Ementa da disciplina, uma breve descrição;stack overflow;105
RDP110;TMAB;4;Ementa da disciplina, uma breve descrição;stack overflow;950
WKH287;TMAB;6;Ementa da disciplina, uma breve descrição;stack overflow;30
PLP199;TMAB;5;Ementa da disciplina, uma breve descrição;stack overflow;820
AGD151;TMAB;6;Ementa da disciplina, uma breve descrição;stack overflow;70
DER148;TMAB;3;Ementa da disciplina, uma breve descrição;stack overflow;950
VFU280;TMAB;6;Ementa da disciplina, uma breve descrição;stack overflow;950
NWD127;TMAB;3;Ementa da disciplina, uma breve descrição;stack overflow;544
POV163;TMAB;1;Ementa da disciplina, uma breve descrição;stack overflow;340
XMM114;TMAB;1;Ementa da disciplina, uma breve descrição;stack overflow;880
AAY113;TMAB;4;Ementa da disciplina, uma breve descrição;stack overflow;641
GEP217;TMAB;6;Ementa da disciplina, uma breve descrição;stack overflow;290
KIX297;TMAB;1;Ementa da disciplina, uma breve descrição;stack overflow;141
DPP213;TMAB;1;Ementa da disciplina, uma breve descrição;stack overflow;385
VLT109;TMAB;6;Ementa da disciplina, uma breve descrição;stack overflow;939
KGG243;TMAB;4;Ementa da disciplina, uma breve descrição;stack overflow;647
VRH178;TMAB;1;Ementa da disciplina, uma breve descrição;stack overflow;230
ICN148;TMAB;4;Ementa da disciplina, uma breve descrição;stack overflow;958
PEL200;TMAB;2;Ementa da disciplina, uma breve descrição;stack overflow;275
BGA174;TMAB;2;Ementa da disciplina, uma breve descrição;stack overflow;247
IZJ255;TMAB;6;Ementa da disciplina, uma breve descrição;stack overflow;264
ZZO164;TMAB;4;Ementa da disciplina, uma breve descrição;stack overflow;146
TYR155;TMAB;6;Ementa da disciplina, uma breve descrição;stack overflow;764
HYY138;TMAB;6;Ementa da disciplina, uma breve descrição;stack overflow;910
TUO129;TMAB;5;Ementa da disciplina, uma breve descrição;stack overflow;520
KHZ164;TMAB;4;Ementa da disciplina, uma breve descrição;stack overflow;635
EZD155;TMAB;1;Ementa da disciplina, uma breve descrição;stack overflow;454
NIS183;TMAB;1;Ementa da disciplina, uma breve descrição;stack overflow;430
XCK120;TMAB;6;Ementa da disciplina, uma breve descrição;stack overflow;457
GEH112;TMAB;4;Ementa da disciplina, uma breve descrição;stack overflow;108
ZQF144;TMAB;3;Ementa da disciplina, uma breve descrição;stack overflow;372
LGF291;TMAB;5;Ementa da disciplina, uma breve descrição;stack overflow;513
QWP287;TMAB;4;Ementa da disciplina, uma breve descrição;stack overflow;463
MVG239;TMAB;5;Ementa da disciplina, uma breve descrição;stack overflow;666
NOU160;TMAB;5;Ementa da disciplina, uma breve descrição;stack overflow;894
JHH281;TMAB;4;Ementa da disciplina, uma breve descrição;stack overflow;761
OVJ156;TMAB;5;Ementa da disciplina, uma breve descrição;stack overflow;467
CVJ143;TMAB;4;Ementa da disciplina, uma breve descrição;stack overflow;664
DTK283;TMAB;4;Ementa da disciplina, uma breve descrição;stack overflow;591
SQQ262;TMAB;2;Ementa da disciplina, uma breve descrição;stack overflow;497
QGF194;TMAB;3;Ementa da disciplina, uma breve descrição;stack overflow;796
TOM150;TMAB;2;Ementa da disciplina, uma breve descrição;stack overflow;469
XYD182;TMAB;6;Ementa da disciplina, uma breve descrição;stack overflow;254
AIR237;TMAB;2;Ementa da disciplina, uma breve descrição;stack overflow;475
HUG201;TMAB;1;Ementa da disciplina, uma breve descrição;stack overflow;594
LVR297;TMAB;4;Ementa da disciplina, uma breve descrição;stack overflow;715
SHO130;TMAB;2;Ementa da disciplina, uma breve descrição;stack overflow;559
HUT186;TMAB;6;Ementa da disciplina, uma breve descrição;stack overflow;827
NDQ171;TMAB;3;Ementa da disciplina, uma breve descrição;stack overflow;875
LLF167;TMAB;4;Ementa da disciplina, uma breve descrição;stack overflow;649
BMO173;TMAB;6;Ementa da disciplina, uma breve descrição;stack overflow;424
JMJ120;TMAB;5;Ementa da disciplina, uma breve descrição;stack overflow;800
DWS206;TMAB;6;Ementa da disciplina, uma breve descrição;stack overflow;673
QEX124;TMAB;6;Ementa da disciplina, uma breve descrição;stack overflow;952
GZD198;TMAB;4;Ementa da disciplina, uma breve descrição;stack overflow;871
UCV125;TMAB;4;Ementa da disciplina, uma breve descrição;stack overflow;368
NKQ214;TMAB;1;Ementa da disciplina, uma breve descrição;stack overflow;816
WIR105;TMAB;6;Ementa da disciplina, uma breve descrição;stack overflow;207
XBS139;TMAB;3;Ementa da disciplina, uma breve descrição;stack overflow;889
YTX106;TMAB;6;Ementa da disciplina, uma breve descrição;stack overflow;851
LBR138;TMAB;1;Ementa da disciplina, uma breve descrição;stack overflow;666
PVY272;TMAB;2;Ementa da disciplina, uma breve descrição;stack overflow;912
SWO293;TMAB;1;Ementa da disciplina, uma breve descrição;stack overflow;402
EKV126;TMAB;2;Ementa da disciplina, uma breve descrição;stack overflow;253
TAK245;TMAB;4;Ementa da disciplina, uma breve descrição;stack overflow;388
YMA147;TMAB;2;Ementa da disciplina, uma breve descrição;stack overflow;907
LIF216;TMAB;3;Ementa da disciplina, uma breve descrição;stack overflow;98
USW210;TMAB;4;Ementa da disciplina, uma breve descrição;stack overflow;311
NLX117;TMAB;2;Ementa da disciplina, uma breve descrição;stack overflow;648
MOS244;TMAB;2;Ementa da disciplina, uma breve descrição;stack overflow;272
HHB246;TMAB;1;Ementa da disciplina, uma breve descrição;stack overflow;667
TYJ268;TMAB;2;Ementa da disciplina, uma breve descrição;stack overflow;556
LDA134;TMAB;1;Ementa da disciplina, uma breve descrição;stack overflow;3
BDT260;TMAB;3;Ementa da disciplina, uma breve descrição;stack overflow;255
PDB107;TMAB;3;Ementa da disciplina, uma breve descrição;stack overflow;670
BXM263;TMAB;6;Ementa da disciplina, uma breve descrição;stack overflow;21
SUQ253;TMAB;4;Ementa da disciplina, uma breve descrição;stack overflow;95
MGJ142;TMAB;3;Ementa da disciplina, uma breve descrição;stack overflow;826
FVV128;TMAB;6;Ementa da disciplina, uma breve descrição;stack overflow;966
BOE127;TMAB;6;Ementa da disciplina, uma breve descrição;stack overflow;192
PUA183;TMAB;1;Ementa da disciplina, uma breve descrição;stack overflow;464
JUK227;TMAB;4;Ementa da disciplina, uma breve descrição;stack overflow;792
ZMO146;TMAB;5;Ementa da disciplina, uma breve descrição;stack overflow;538
WFH247;TMAB;1;Ementa da disciplina, uma breve descrição;stack overflow;739
LYU153;TMAB;5;Ementa da disciplina, uma breve descrição;stack overflow;705
WQN238;TMAB;5;Ementa da disciplina, uma breve descrição;stack overflow;546
IQB242;TMAB;3;Ementa da disciplina, uma breve descrição;stack overflow;277
OCT149;TMAB;5;Ementa da disciplina, uma breve descrição;stack overflow;596
EGX288;TMAB;1;Ementa da disciplina, uma breve descrição;stack overflow;862
YFW216;TMAB;4;Ementa da disciplina, uma breve descrição;stack overflow;143
OOI108;TMAB;6;Ementa da disciplina, uma breve descrição;stack overflow;71
XNS267;TMAB;1;Ementa da disciplina, uma breve descrição;stack overflow;418
KZT225;TMAB;5;Ementa da disciplina, uma breve descrição;stack overflow;618
YWQ275;TMAB;3;Ementa da disciplina, uma breve descrição;stack overflow;402
DHM139;TMAB;3;Ementa da disciplina, uma breve descrição;stack overflow;243
OGZ254;TMAB;5;Ementa da disciplina, uma breve descrição;stack overflow;315
OPI216;TMAB;2;Ementa da disciplina, uma breve descrição;stack overflow;416
UQK288;TMAB;4;Ementa da disciplina, uma breve descrição;stack overflow;777
UTL217;TMAB;1;Ementa da disciplina, uma breve descrição;stack overflow;296
BRT217;TMAB;2;Ementa da disciplina, uma breve descrição;stack overflow;734
UON243;TMAB;6;Ementa da disciplina, uma breve descrição;stack overflow;236
SYJ140;TMAB;6;Ementa da disciplina, uma breve descrição;stack overflow;581
VPJ178;TMAB;2;Ementa da disciplina, uma breve descrição;stack overflow;923
NYA240;TMAB;4;Ementa da disciplina, uma breve descrição;stack overflow;992
YWD237;TMAB;1;Ementa da disciplina, uma breve descrição;stack overflow;441
PDL100;TMAB;2;Ementa da disciplina, uma breve descrição;stack overflow;519
QRR208;TMAB;2;Ementa da disciplina, uma breve descrição;stack overflow;258
XCW223;TMAB;5;Ementa da disciplina, uma breve descrição;stack overflow;441
DRI190;TMAB;6;Ementa da disciplina, uma breve descrição;stack overflow;514
LNQ103;TMAB;4;Ementa da disciplina, uma breve descrição;stack overflow;7
CSF238;TMAB;6;Ementa da disciplina, uma breve descrição;stack overflow;152
HQU123;TMAB;2;Ementa da disciplina, uma breve descrição;stack overflow;726
SKC231;TMAB;3;Ementa da disciplina, uma breve descrição;stack overflow;28
GQH210;TMAB;3;Ementa da disciplina, uma breve descrição;stack overflow;684
YCC135;TMAB;4;Ementa da disciplina, uma breve descrição;stack overflow;158
WMY213;TMAB;5;Ementa da disciplina, uma breve descrição;stack overflow;751
UIC297;TMAB;3;Ementa da disciplina, uma breve descrição;stack overflow;176
FYU251;TMAB;2;Ementa da disciplina, uma breve descrição;stack overflow;234
TLX117;TMAB;5;Ementa da disciplina, uma breve descrição;stack overflow;222
NFU133;TMAB;1;Ementa da disciplina, uma breve descrição;stack overflow;520
CKZ229;TMAB;6;Ementa da disciplina, uma breve descrição;stack overflow;100
HHL177;TMAB;1;Ementa da disciplina, uma breve descrição;stack overflow;685
SXA278;TMAB;6;Ementa da disciplina, uma breve descrição;stack overflow;560
ITB187;TMAB;1;Ementa da disciplina, uma breve descrição;stack overflow;762
KUQ275;TMAB;1;Ementa da disciplina, uma breve descrição;stack overflow;609
MLE160;TMAB;1;Ementa da disciplina, uma breve descrição;stack overflow;825
QBU176;TMAB;2;Ementa da disciplina, uma breve descrição;stack overflow;543
FFR261;TMAB;2;Ementa da disciplina, uma breve descrição;stack overflow;337
LHL110;TMAB;6;Ementa da disciplina, uma breve descrição;stack overflow;468
XEH272;TMAB;4;Ementa da disciplina, uma breve descrição;stack overflow;460
WOI139;TMAB;3;Ementa da disciplina, uma breve descrição;stack overflow;530
UCF118;TMAB;6;Ementa da disciplina, uma breve descrição;stack overflow;678
PJZ124;TMAB;4;Ementa da disciplina, uma breve descrição;stack overflow;775
BQB269;TMAB;2;Ementa da disciplina, uma breve descrição;stack overflow;16
JZF101;TMAB;2;Ementa da disciplina, uma breve descrição;stack overflow;254
QRI227;TMAB;6;Ementa da disciplina, uma breve descrição;stack overflow;157
BIZ209;TMAB;4;Ementa da disciplina, uma breve descrição;stack overflow;279
BLM175;TMAB;1;Ementa da disciplina, uma breve descrição;stack overflow;227
SDM293;TMAB;2;Ementa da disciplina, uma breve descrição;stack overflow;769
YRT262;TMAB;3;Ementa da disciplina, uma breve descrição;stack overflow;558
QLB266;TMAB;4;Ementa da disciplina, uma breve descrição;stack overflow;573
POY113;TMAB;6;Ementa da disciplina, uma breve descrição;stack overflow;929
OBX147;TMAB;2;Ementa da disciplina, uma breve descrição;stack overflow;190
ZFM149;TMAB;3;Ementa da disciplina, uma breve descrição;stack overflow;261
CLX188;TMAB;3;Ementa da disciplina, uma breve descrição;stack overflow;144
DYE283;TMAB;2;Ementa da disciplina, uma breve descrição;stack overflow;702
BLA244;TMAB;4;Ementa da disciplina, uma breve descrição;stack overflow;286
LAJ257;TMAB;4;Ementa da disciplina, uma breve descrição;stack overflow;676
QAV221;TMAB;1;Ementa da disciplina, uma breve descrição;stack overflow;823
KWW194;TMAB;5;Ementa da disciplina, uma breve descrição;stack overflow;95
LCE241;TMAB;2;Ementa da disciplina, uma breve descrição;stack overflow;27
ULD178;TMAB;4;Ementa da disciplina, uma breve descrição;stack overflow;686
PVB239;TMAB;2;Ementa da disciplina, uma breve descrição;stack overflow;889
EXL285;TMAB;1;Ementa da disciplina, uma breve descrição;stack overflow;920
DSQ207;TMAB;1;Ementa da disciplina, uma breve descrição;stack overflow;68
KWH200;TMAB;5;Ementa da disciplina, uma breve descrição;stack overflow;972
OCM170;TMAB;1;Ementa da disciplina, uma breve descrição;stack overflow;319
YWI224;TMAB;6;Ementa da disciplina, uma breve descrição;stack overflow;509
FZR150;TMAB;4;Ementa da disciplina, uma breve descrição;stack overflow;334
IFX146;TMAB;2;Ementa da disciplina, uma breve descrição;stack overflow;113
EFF257;TMAB;3;Ementa da disciplina, uma breve descrição;stack overflow;311
CMB123;TMAB;6;Ementa da disciplina, uma breve descrição;stack overflow;60
LQK140;TMAB;4;Ementa da disciplina, uma breve descrição;stack overflow;456
XRQ177;TMAB;6;Ementa da disciplina, uma breve descrição;stack overflow;640
EYE138;TMAB;4;Ementa da disciplina, uma breve descrição;stack overflow;657
XVR121;TMAB;4;Ementa da disciplina, uma breve descrição;stack overflow;687
WOM257;TMAB;3;Ementa da disciplina, uma breve descrição;stack overflow;940
AOI123;TMAB;6;Ementa da disciplina, uma breve descrição;stack overflow;555
LCK241;TMAB;5;Ementa da disciplina, uma breve descrição;stack overflow;996
MOI236;TMAB;5;Ementa da disciplina, uma breve descrição;stack overflow;893
KOK115;TMAB;4;Ementa da disciplina, uma breve descrição;stack overflow;571
THH138;TMAB;2;Ementa da disciplina, uma breve descrição;stack overflow;884
TCT219;TMAB;2;Ementa da disciplina, uma breve descrição;stack overflow;143
STP189;TMAB;6;Ementa da disciplina, uma breve descrição;stack overflow;112
QEN194;TMAB;5;Ementa da disciplina, uma breve descrição;stack overflow;607
LQU197;TMAB;4;Ementa da disciplina, uma breve descrição;stack overflow;246
VTA101;TMAB;4;Ementa da disciplina, uma breve descrição;stack overflow;538
DHX231;TMAB;3;Ementa da disciplina, uma breve descrição;stack overflow;373
VCS290;TMAB;3;Ementa da disciplina, uma breve descrição;stack overflow;768
VNB204;TMAB;5;Ementa da disciplina, uma breve descrição;stack overflow;202
WUQ189;TMAB;6;Ementa da disciplina, uma breve descrição;stack overflow;693
WAL115;TMAB;3;Ementa da disciplina, uma breve descrição;stack overflow;897
NMH246;TMAB;2;Ementa da disciplina, uma breve descrição;stack overflow;626
QVV110;TMAB;2;Ementa da disciplina, uma breve descrição;stack overflow;789
MGS229;TMAB;3;Ementa da disciplina, uma breve descrição;stack overflow;902
FYA283;TMAB;2;Ementa da disciplina, uma breve descrição;stack overflow;625
UEA281;TMAB;3;Ementa da disciplina, uma breve descrição;stack overflow;620
SXI228;TMAB;5;Ementa da disciplina, uma breve descrição;stack overflow;678
DOI237;TMAB;2;Ementa da disciplina, uma breve descrição;stack overflow;581
EZY274;TMAB;4;Ementa da disciplina, uma breve descrição;stack overflow;935
ZNX157;TMAB;3;Ementa da disciplina, uma breve descrição;stack overflow;337
VLB261;TMAB;6;Ementa da disciplina, uma breve descrição;stack overflow;283
MIT264;TMAB;4;Ementa da disciplina, uma breve descrição;stack overflow;401
NFR247;TMAB;2;Ementa da disciplina, uma breve descrição;stack overflow;298
GYE230;TMAB;3;Ementa da disciplina, uma breve descrição;stack overflow;344
JJR178;TMAB;1;Ementa da disciplina, uma breve descrição;stack overflow;499
UWL108;TMAB;1;Ementa da disciplina, uma breve descrição;stack overflow;659
PVU136;TMAB;1;Ementa da disciplina, uma breve descrição;stack overflow;484
VPQ238;TMAB;1;Ementa da disciplina, uma breve descrição;stack overflow;877
RHI242;TMAB;6;Ementa da disciplina, uma breve descrição;stack overflow;75
OZU205;TMAB;6;Ementa da disciplina, uma breve descrição;stack overflow;992
EZA187;TMAB;5;Ementa da disciplina, uma breve descrição;stack overflow;484
HDA113;TMAB;5;Ementa da disciplina, uma breve descrição;stack overflow;952
RGD134;TMAB;6;Ementa da disciplina, uma breve descrição;stack overflow;243
MBC137;TMAB;3;Ementa da disciplina, uma breve descrição;stack overflow;481
MBL236;TMAB;2;Ementa da disciplina, uma breve descrição;stack overflow;996
NXH296;TMAB;6;Ementa da disciplina, uma breve descrição;stack overflow;243
TLY211;TMAB;1;Ementa da disciplina, uma breve descrição;stack overflow;48
UIQ242;TMAB;3;Ementa da disciplina, uma breve descrição;stack overflow;324
YXD148;TMAB;3;Ementa da disciplina, uma breve descrição;stack overflow;610
BLK272;TMAB;4;Ementa da disciplina, uma breve descrição;stack overflow;303
DJA125;TMAB;5;Ementa da disciplina, uma breve descrição;stack overflow;402
FRG121;TMAB;6;Ementa da disciplina, uma breve descrição;stack overflow;290
RFK279;TMAB;1;Ementa da disciplina, uma breve descrição;stack overflow;793
EGK178;TMAB;4;Ementa da disciplina, uma breve descrição;stack overflow;877
NQA232;TMAB;5;Ementa da disciplina, uma breve descrição;stack overflow;373
GFC232;TMAB;6;Ementa da disciplina, uma breve descrição;stack overflow;961
BSZ235;TMAB;1;Ementa da disciplina, uma breve descrição;stack overflow;654
TWZ227;TMAB;3;Ementa da disciplina, uma breve descrição;stack overflow;695
BTW238;TMAB;1;Ementa da disciplina, uma breve descrição;stack overflow;434
XIH157;TMAB;6;Ementa da disciplina, uma breve descrição;stack overflow;538
YLF238;TMAB;5;Ementa da disciplina, uma breve descrição;stack overflow;198
OGD139;TMAB;4;Ementa da disciplina, uma breve descrição;stack overflow;47
GCR239;TMAB;4;Ementa da disciplina, uma breve descrição;stack overflow;869
ZAL228;TMAB;5;Ementa da disciplina, uma breve descrição;stack overflow;739
IJW206;TMAB;1;Ementa da disciplina, uma breve descrição;stack overflow;973
SJX168;TMAB;4;Ementa da disciplina, uma breve descrição;stack overflow;620
JVI218;TMAB;4;Ementa da disciplina, uma breve descrição;stack overflow;287
IEZ211;TMAB;6;Ementa da disciplina, uma breve descrição;stack overflow;172
DOF168;TMAB;4;Ementa da disciplina, uma breve descrição;stack overflow;518
WWZ282;TMAB;1;Ementa da disciplina, uma breve descrição;stack overflow;42
MJS279;TMAB;1;Ementa da disciplina, uma breve descrição;stack overflow;916
NUC125;TMAB;5;Ementa da disciplina, uma breve descrição;stack overflow;283
QBP116;TMAB;3;Ementa da disciplina, uma breve descrição;stack overflow;512
AFW143;TMAB;6;Ementa da disciplina, uma breve descrição;stack overflow;745
YYC239;TMAB;1;Ementa da disciplina, uma breve descrição;stack overflow;379
JPT290;TMAB;4;Ementa da disciplina, uma breve descrição;stack overflow;689
JCD237;TMAB;5;Ementa da disciplina, uma breve descrição;stack overflow;565
PHE191;TMAB;5;Ementa da disciplina, uma breve descrição;stack overflow;91
BRQ216;TMAB;2;Ementa da disciplina, uma breve descrição;stack overflow;347
IUO164;TMAB;1;Ementa da disciplina, uma breve descrição;stack overflow;461
AAT156;TMAB;3;Ementa da disciplina, uma breve descrição;stack overflow;403
NDI110;TMAB;5;Ementa da disciplina, uma breve descrição;stack overflow;504
QRC179;TMAB;5;Ementa da disciplina, uma breve descrição;stack overflow;499
XCQ250;TMAB;5;Ementa da disciplina, uma breve descrição;stack overflow;431
HIK164;TMAB;1;Ementa da disciplina, uma breve descrição;stack overflow;245
WQH239;TMAB;6;Ementa da disciplina, uma breve descrição;stack overflow;716
ZVD264;TMAB;5;Ementa da disciplina, uma breve descrição;stack overflow;902
JUF262;TMAB;4;Ementa da disciplina, uma breve descrição;stack overflow;508
GOC118;TMAB;5;Ementa da disciplina, uma breve descrição;stack overflow;481
QYH125;TMAB;1;Ementa da disciplina, uma breve descrição;stack overflow;85
CJM151;TMAB;6;Ementa da disciplina, uma breve descrição;stack overflow;175
MDJ256;TMAB;3;Ementa da disciplina, uma breve descrição;stack overflow;254
LBV260;TMAB;5;Ementa da disciplina, uma breve descrição;stack overflow;10
TNA226;TMAB;3;Ementa da disciplina, uma breve descrição;stack overflow;184
OAV230;TMAB;2;Ementa da disciplina, uma breve descrição;stack overflow;49
ORC123;TMAB;4;Ementa da disciplina, uma breve descrição;stack overflow;11
SYW271;TMAB;2;Ementa da disciplina, uma breve descrição;stack overflow;805
DVR298;TMAB;1;Ementa da disciplina, uma breve descrição;stack overflow;555
NHH112;TMAB;5;Ementa da disciplina, uma breve descrição;stack overflow;884
TKE102;TMAB;5;Ementa da disciplina, uma breve descrição;stack overflow;972
NRC291;TMAB;1;Ementa da disciplina, uma breve descrição;stack overflow;446
XHS247;TMAB;6;Ementa da disciplina, uma breve descrição;stack overflow;866
UKX282;TMAB;4;Ementa da disciplina, uma breve descrição;stack overflow;502
BWZ274;TMAB;4;Ementa da disciplina, uma breve descrição;stack overflow;733
LFK128;TMAB;2;Ementa da disciplina, uma breve descrição;stack overflow;410
DLW109;TMAB;6;Ementa da disciplina, uma breve descrição;stack overflow;468
GKU134;TMAB;1;Ementa da disciplina, uma breve descrição;stack overflow;421
LDA200;TMAB;5;Ementa da disciplina, uma breve descrição;stack overflow;793
AOC161;TMAB;6;Ementa da disciplina, uma breve descrição;stack overflow;28
SBT197;TMAB;1;Ementa da disciplina, uma breve descrição;stack overflow;757
VEY187;TMAB;3;Ementa da disciplina, uma breve descrição;stack overflow;511
JCI266;TMAB;2;Ementa da disciplina, uma breve descrição;stack overflow;61
KZR118;TMAB;1;Ementa da disciplina, uma breve descrição;stack overflow;666
JXM173;TMAB;4;Ementa da disciplina, uma breve descrição;stack overflow;69
ABQ105;TMAB;6;Ementa da disciplina, uma breve descrição;stack overflow;29
ABO190;TMAB;2;Ementa da disciplina, uma breve descrição;stack overflow;314
UVZ204;TMAB;5;Ementa da disciplina, uma breve descrição;stack overflow;175
MRM244;TMAB;5;Ementa da disciplina, uma breve descrição;stack overflow;461
XNZ246;TMAB;3;Ementa da disciplina, uma breve descrição;stack overflow;153
CPV217;TMAB;3;Ementa da disciplina, uma breve descrição;stack overflow;366
NAV162;TMAB;2;Ementa da disciplina, uma breve descrição;stack overflow;730
OSF207;TMAB;4;Ementa da disciplina, uma breve descrição;stack overflow;734
GIF102;TMAB;3;Ementa da disciplina, uma breve descrição;stack overflow;686
RMS184;TMAB;6;Ementa da disciplina, uma breve descrição;stack overflow;178
ULT164;TMAB;4;Ementa da disciplina, uma breve descrição;stack overflow;3
NYV129;TMAB;3;Ementa da disciplina, uma breve descrição;stack overflow;12
YLU204;TMAB;1;Ementa da disciplina, uma breve descrição;stack overflow;78
CSD111;TMAB;2;Ementa da disciplina, uma breve descrição;stack overflow;755
LAL234;TMAB;1;Ementa da disciplina, uma breve descrição;stack overflow;363
SGK213;TMAB;1;Ementa da disciplina, uma breve descrição;stack overflow;37
BVQ292;TMAB;1;Ementa da disciplina, uma breve descrição;stack overflow;787
UQE292;TMAB;2;Ementa da disciplina, uma breve descrição;stack overflow;219
ESK160;TMAB;1;Ementa da disciplina, uma breve descrição;stack overflow;610
FJZ108;TMAB;6;Ementa da disciplina, uma breve descrição;stack overflow;861
TYV148;TMAB;5;Ementa da disciplina, uma breve descrição;stack overflow;801
GHJ107;TMAB;4;Ementa da disciplina, uma breve descrição;stack overflow;359
JUV173;TMAB;5;Ementa da disciplina, uma breve descrição;stack overflow;993
GUP236;TMAB;3;Ementa da disciplina, uma breve descrição;stack overflow;491
WPS212;TMAB;1;Ementa da disciplina, uma breve descrição;stack overflow;808
OGP202;TMAB;6;Ementa da disciplina, uma breve descrição;stack overflow;360
OLA158;TMAB;5;Ementa da disciplina, uma breve descrição;stack overflow;904
YFO221;TMAB;6;Ementa da disciplina, uma breve descrição;stack overflow;235
YIO284;TMAB;5;Ementa da disciplina, uma breve descrição;stack overflow;757
XMV236;TMAB;4;Ementa da disciplina, uma breve descrição;stack overflow;853
XPL219;TMAB;1;Ementa da disciplina, uma breve descrição;stack overflow;158
UYV107;TMAB;4;Ementa da disciplina, uma breve descrição;stack overflow;612
QSV228;TMAB;6;Ementa da disciplina, uma breve descrição;stack overflow;984
UBA111;TMAB;6;Ementa da disciplina, uma breve descrição;stack overflow;293
ZQW278;TMAB;2;Ementa da disciplina, uma breve descrição;stack overflow;815
DWZ193;TMAB;3;Ementa da disciplina, uma breve descrição;stack overflow;586
EXQ299;TMAB;4;Ementa da disciplina, uma breve descrição;stack overflow;589
NTH280;TMAB;3;Ementa da disciplina, uma breve descrição;stack overflow;976
AUZ145;TMAB;6;Ementa da disciplina, uma breve descrição;stack overflow;639
MHC186;TMAB;5;Ementa da disciplina, uma breve descrição;stack overflow;203
NOP211;TMAB;4;Ementa da disciplina, uma breve descrição;stack overflow;365
TJJ100;TMAB;2;Ementa da disciplina, uma breve descrição;stack overflow;837
LUI263;TMAB;1;Ementa da disciplina, uma breve descrição;stack overflow;354
YXT176;TMAB;3;Ementa da disciplina, uma breve descrição;stack overflow;948
RFG209;TMAB;2;Ementa da disciplina, uma breve descrição;stack overflow;364
TBP271;TMAB;6;Ementa da disciplina, uma breve descrição;stack overflow;122
CLD104;TMAB;1;Ementa da disciplina, uma breve descrição;stack overflow;133
JPH120;TMAB;1;Ementa da disciplina, uma breve descrição;stack overflow;875
QIX175;TMAB;6;Ementa da disciplina, uma breve descrição;stack overflow;411
YLB240;TMAB;3;Ementa da disciplina, uma breve descrição;stack overflow;690
JSN247;TMAB;4;Ementa da disciplina, uma breve descrição;stack overflow;436
RRK290;TMAB;1;Ementa da disciplina, uma breve descrição;stack overflow;388
MYZ156;TMAB;5;Ementa da disciplina, uma breve descrição;stack overflow;934
OVG264;TMAB;6;Ementa da disciplina, uma breve descrição;stack overflow;792
SUG125;TMAB;1;Ementa da disciplina, uma breve descrição;stack overflow;693
AEY259;TMAB;2;Ementa da disciplina, uma breve descrição;stack overflow;566
LGL152;TMAB;5;Ementa da disciplina, uma breve descrição;stack overflow;668
DLW120;TMAB;1;Ementa da disciplina, uma breve descrição;stack overflow;415
HHK198;TMAB;4;Ementa da disciplina, uma breve descrição;stack overflow;97
EIF212;TMAB;6;Ementa da disciplina, uma breve descrição;stack overflow;365
VBZ147;TMAB;1;Ementa da disciplina, uma breve descrição;stack overflow;916
XQV274;TMAB;4;Ementa da disciplina, uma breve descrição;stack overflow;180
VWK121;TMAB;4;Ementa da disciplina, uma breve descrição;stack overflow;792
XDF218;TMAB;2;Ementa da disciplina, uma breve descrição;stack overflow;600
UWH286;TMAB;3;Ementa da disciplina, uma breve descrição;stack overflow;900
IJL229;TMAB;1;Ementa da disciplina, uma breve descrição;stack overflow;336
XGE251;TMAB;3;Ementa da disciplina, uma breve descrição;stack overflow;547
JXS166;TMAB;4;Ementa da disciplina, uma breve descrição;stack overflow;178
WTO126;TMAB;6;Ementa da disciplina, uma breve descrição;stack overflow;986
OLS179;TMAB;1;Ementa da disciplina, uma breve descrição;stack overflow;928
VDZ162;TMAB;6;Ementa da disciplina, uma breve descrição;stack overflow;66
KHE125;TMAB;2;Ementa da disciplina, uma breve descrição;stack overflow;435
SRA246;TMAB;1;Ementa da disciplina, uma breve descrição;stack overflow;534
EQT221;TMAB;3;Ementa da disciplina, uma breve descrição;stack overflow;447
WAU148;TMAB;1;Ementa da disciplina, uma breve descrição;stack overflow;462
ARX280;TMAB;1;Ementa da disciplina, uma breve descrição;stack overflow;326
WYW179;TMAB;3;Ementa da disciplina, uma breve descrição;stack overflow;700
VFJ228;TMAB;2;Ementa da disciplina, uma breve descrição;stack overflow;417
BJL103;TMAB;2;Ementa da disciplina, uma breve descrição;stack overflow;453
YBF147;TMAB;5;Ementa da disciplina, uma breve descrição;stack overflow;723
LVG224;TMAB;6;Ementa da disciplina, uma breve descrição;stack overflow;252
WWK119;TMAB;3;Ementa da disciplina, uma breve descrição;stack overflow;7
VLB209;TMAB;2;Ementa da disciplina, uma breve descrição;stack overflow;267
NZF263;TMAB;4;Ementa da disciplina, uma breve descrição;stack overflow;261
CHG202;TMAB;6;Ementa da disciplina, uma breve descrição;stack overflow;403
SPH170;TMAB;6;Ementa da disciplina, uma breve descrição;stack overflow;48
HHS136;TMAB;3;Ementa da disciplina, uma breve descrição;stack overflow;790
HQM234;TMAB;5;Ementa da disciplina, uma breve descrição;stack overflow;827
NHD147;TMAB;6;Ementa da disciplina, uma breve descrição;stack overflow;746
YXZ123;TMAB;3;Ementa da disciplina, uma breve descrição;stack overflow;828
KOM264;TMAB;2;Ementa da disciplina, uma breve descrição;stack overflow;896
BGJ276;TMAB;2;Ementa da disciplina, uma breve descrição;stack overflow;137
IPV137;TMAB;3;Ementa da disciplina, uma breve descrição;stack overflow;204
SVG100;TMAB;6;Ementa da disciplina, uma breve descrição;stack overflow;538
JQB146;TMAB;5;Ementa da disciplina, uma breve descrição;stack overflow;326
EHJ289;TMAB;6;Ementa da disciplina, uma breve descrição;stack overflow;878
MBY237;TMAB;4;Ementa da disciplina, uma breve descrição;stack overflow;2
NDU142;TMAB;3;Ementa da disciplina, uma breve descrição;stack overflow;257
TOP169;TMAB;6;Ementa da disciplina, uma breve descrição;stack overflow;373
GQA164;TMAB;6;Ementa da disciplina, uma breve descrição;stack overflow;405
HQN151;TMAB;1;Ementa da disciplina, uma breve descrição;stack overflow;809
JUC299;TMAB;6;Ementa da disciplina, uma breve descrição;stack overflow;896
DKA126;TMAB;1;Ementa da disciplina, uma breve descrição;stack overflow;250
SON272;TMAB;3;Ementa da disciplina, uma breve descrição;stack overflow;222
KGT127;TMAB;3;Ementa da disciplina, uma breve descrição;stack overflow;592
MAG137;TMAB;5;Ementa da disciplina, uma breve descrição;stack overflow;536
GRF131;TMAB;6;Ementa da disciplina, uma breve descrição;stack overflow;503
OHV167;TMAB;5;Ementa da disciplina, uma breve descrição;stack overflow;29
QIH100;TMAB;2;Ementa da disciplina, uma breve descrição;stack overflow;957
UTK124;TMAB;5;Ementa da disciplina, uma breve descrição;stack overflow;790
YRG209;TMAB;2;Ementa da disciplina, uma breve descrição;stack overflow;739
TYY270;TMAB;1;Ementa da disciplina, uma breve descrição;stack overflow;855
KWW255;TMAB;4;Ementa da disciplina, uma breve descrição;stack overflow;191
IDW155;TMAB;3;Ementa da disciplina, uma breve descrição;stack overflow;716
WBN117;TMAB;4;Ementa da disciplina, uma breve descrição;stack overflow;760
JXE189;TMAB;2;Ementa da disciplina, uma breve descrição;stack overflow;74
ZNU198;TMAB;2;Ementa da disciplina, uma breve descrição;stack overflow;99
FQV127;TMAB;3;Ementa da disciplina, uma breve descrição;stack overflow;760
JSF276;TMAB;6;Ementa da disciplina, uma breve descrição;stack overflow;717
MAT201;TMAB;4;Ementa da disciplina, uma breve descrição;stack overflow;28
EUU107;TMAB;4;Ementa da disciplina, uma breve descrição;stack overflow;865
TMM265;TMAB;1;Ementa da disciplina, uma breve descrição;stack overflow;321
TLU261;TMAB;5;Ementa da disciplina, uma breve descrição;stack overflow;971
NXN131;TMAB;3;Ementa da disciplina, uma breve descrição;stack overflow;929
FYY229;TMAB;6;Ementa da disciplina, uma breve descrição;stack overflow;454
WAX251;TMAB;3;Ementa da disciplina, uma breve descrição;stack overflow;503
DGI189;TMAB;2;Ementa da disciplina, uma breve descrição;stack overflow;138
LOT121;TMAB;3;Ementa da disciplina, uma breve descrição;stack overflow;144
EPT156;TMAB;3;Ementa da disciplina, uma breve descrição;stack overflow;361
UZD236;TMAB;5;Ementa da disciplina, uma breve descrição;stack overflow;794
DIR298;TMAB;1;Ementa da disciplina, uma breve descrição;stack overflow;676
KLD202;TMAB;1;Ementa da disciplina, uma breve descrição;stack overflow;124
GPS110;TMAB;6;Ementa da disciplina, uma breve descrição;stack overflow;601
UQO103;TMAB;2;Ementa da disciplina, uma breve descrição;stack overflow;471
RDM131;TMAB;3;Ementa da disciplina, uma breve descrição;stack overflow;815
LKC124;TMAB;2;Ementa da disciplina, uma breve descrição;stack overflow;277
TNL191;TMAB;3;Ementa da disciplina, uma breve descrição;stack overflow;92
GHJ298;TMAB;5;Ementa da disciplina, uma breve descrição;stack overflow;785
SAE237;TMAB;6;Ementa da disciplina, uma breve descrição;stack overflow;109
DZA183;TMAB;6;Ementa da disciplina, uma breve descrição;stack overflow;390
QTL203;TMAB;6;Ementa da disciplina, uma breve descrição;stack overflow;695
ZVH257;TMAB;5;Ementa da disciplina, uma breve descrição;stack overflow;547
NLG246;TMAB;4;Ementa da disciplina, uma breve descrição;stack overflow;93
GMV282;TMAB;4;Ementa da disciplina, uma breve descrição;stack overflow;927
LNX100;TMAB;1;Ementa da disciplina, uma breve descrição;stack overflow;258
TYH123;TMAB;5;Ementa da disciplina, uma breve descrição;stack overflow;209
WAC195;TMAB;5;Ementa da disciplina, uma breve descrição;stack overflow;489
MGH139;TMAB;3;Ementa da disciplina, uma breve descrição;stack overflow;874
HGN209;TMAB;3;Ementa da disciplina, uma breve descrição;stack overflow;987
RAS129;TMAB;4;Ementa da disciplina, uma breve descrição;stack overflow;174
SRO267;TMAB;2;Ementa da disciplina, uma breve descrição;stack overflow;520
SCR249;TMAB;2;Ementa da disciplina, uma breve descrição;stack overflow;768
HTN162;TMAB;5;Ementa da disciplina, uma breve descrição;stack overflow;537
BBE252;TMAB;2;Ementa da disciplina, uma breve descrição;stack overflow;533
YJI171;TMAB;3;Ementa da disciplina, uma breve descrição;stack overflow;844
OOH148;TMAB;3;Ementa da disciplina, uma breve descrição;stack overflow;196
BBR215;TMAB;5;Ementa da disciplina, uma breve descrição;stack overflow;648
ULZ110;TMAB;2;Ementa da disciplina, uma breve descrição;stack overflow;339
RFD203;TMAB;1;Ementa da disciplina, uma breve descrição;stack overflow;523
NNL264;TMAB;2;Ementa da disciplina, uma breve descrição;stack overflow;12
IWP264;TMAB;3;Ementa da disciplina, uma breve descrição;stack overflow;666
ZTE110;TMAB;1;Ementa da disciplina, uma breve descrição;stack overflow;762
ZEL117;TMAB;3;Ementa da disciplina, uma breve descrição;stack overflow;456
YFL112;TMAB;5;Ementa da disciplina, uma breve descrição;stack overflow;38
QGU260;TMAB;2;Ementa da disciplina, uma breve descrição;stack overflow;58
HDT239;TMAB;1;Ementa da disciplina, uma breve descrição;stack overflow;325
YBN291;TMAB;4;Ementa da disciplina, uma breve descrição;stack overflow;233
GFO160;TMAB;2;Ementa da disciplina, uma breve descrição;stack overflow;158
BNA157;TMAB;3;Ementa da disciplina, uma breve descrição;stack overflow;200
ZXA199;TMAB;6;Ementa da disciplina, uma breve descrição;stack overflow;256
SYA176;TMAB;6;Ementa da disciplina, uma breve descrição;stack overflow;225
XVY224;TMAB;4;Ementa da disciplina, uma breve descrição;stack overflow;58
QGC208;TMAB;6;Ementa da disciplina, uma breve descrição;stack overflow;554
VJQ202;TMAB;6;Ementa da disciplina, uma breve descrição;stack overflow;839
YIU252;TMAB;5;Ementa da disciplina, uma breve descrição;stack overflow;237
LQE157;TMAB;4;Ementa da disciplina, uma breve descrição;stack overflow;209
NJX240;TMAB;6;Ementa da disciplina, uma breve descrição;stack overflow;335
VGU215;TMAB;6;Ementa da disciplina, uma breve descrição;stack overflow;28
LQG147;TMAB;2;Ementa da disciplina, uma breve descrição;stack overflow;416
TPJ105;TMAB;5;Ementa da disciplina, uma breve descrição;stack overflow;22
KBG281;TMAB;1;Ementa da disciplina, uma breve descrição;stack overflow;188
IWA216;TMAB;3;Ementa da disciplina, uma breve descrição;stack overflow;692
YRA212;TMAB;2;Ementa da disciplina, uma breve descrição;stack overflow;401
RTU281;TMAB;2;Ementa da disciplina, uma breve descrição;stack overflow;567
PFG223;TMAB;5;Ementa da disciplina, uma breve descrição;stack overflow;354
PSN172;TMAB;2;Ementa da disciplina, uma breve descrição;stack overflow;953
PMM196;TMAB;4;Ementa da disciplina, uma breve descrição;stack overflow;418
LCP180;TMAB;6;Ementa da disciplina, uma breve descrição;stack overflow;82
OMD271;TMAB;2;Ementa da disciplina, uma breve descrição;stack overflow;620
QNQ182;TMAB;1;Ementa da disciplina, uma breve descrição;stack overflow;855
YVL250;TMAB;4;Ementa da disciplina, uma breve descrição;stack overflow;626
NGR120;TMAB;2;Ementa da disciplina, uma breve descrição;stack overflow;717
UYC235;TMAB;3;Ementa da disciplina, uma breve descrição;stack overflow;755
OCQ181;TMAB;4;Ementa da disciplina, uma breve descrição;stack overflow;129
YFJ259;TMAB;4;Ementa da disciplina, uma breve descrição;stack overflow;98
BPV111;TMAB;1;Ementa da disciplina, uma breve descrição;stack overflow;699
XHZ104;TMAB;5;Ementa da disciplina, uma breve descrição;stack overflow;724
DED203;TMAB;4;Ementa da disciplina, uma breve descrição;stack overflow;51
QIF102;TMAB;5;Ementa da disciplina, uma breve descrição;stack overflow;129
WRN244;TMAB;6;Ementa da disciplina, uma breve descrição;stack overflow;43
DBM193;TMAB;3;Ementa da disciplina, uma breve descrição;stack overflow;470
VIL153;TMAB;2;Ementa da disciplina, uma breve descrição;stack overflow;631
SSJ142;TMAB;1;Ementa da disciplina, uma breve descrição;stack overflow;481
MBW264;TMAB;5;Ementa da disciplina, uma breve descrição;stack overflow;834
TOD179;TMAB;6;Ementa da disciplina, uma breve descrição;stack overflow;559
QOR120;TMAB;6;Ementa da disciplina, uma breve descrição;stack overflow;971
BQF221;TMAB;6;Ementa da disciplina, uma breve descrição;stack overflow;738
LZJ257;TMAB;6;Ementa da disciplina, uma breve descrição;stack overflow;895
ETJ273;TMAB;2;Ementa da disciplina, uma breve descrição;stack overflow;917
ACL239;TMAB;6;Ementa da disciplina, uma breve descrição;stack overflow;31
SVX197;TMAB;5;Ementa da disciplina, uma breve descrição;stack overflow;348
KKQ160;TMAB;3;Ementa da disciplina, uma breve descrição;stack overflow;564
XNG176;TMAB;6;Ementa da disciplina, uma breve descrição;stack overflow;975
FES106;TMAB;2;Ementa da disciplina, uma breve descrição;stack overflow;794
OHJ263;TMAB;6;Ementa da disciplina, uma breve descrição;stack overflow;640
FIT153;TMAB;6;Ementa da disciplina, uma breve descrição;stack overflow;794
OVN282;TMAB;6;Ementa da disciplina, uma breve descrição;stack overflow;292
WTU159;TMAB;5;Ementa da disciplina, uma breve descrição;stack overflow;684
KQI255;TMAB;6;Ementa da disciplina, uma breve descrição;stack overflow;518
NCS197;TMAB;2;Ementa da disciplina, uma breve descrição;stack overflow;43
RXA190;TMAB;1;Ementa da disciplina, uma breve descrição;stack overflow;817
EAV281;TMAB;6;Ementa da disciplina, uma breve descrição;stack overflow;314
VYD284;TMAB;6;Ementa da disciplina, uma breve descrição;stack overflow;205
HSB208;TMAB;4;Ementa da disciplina, uma breve descrição;stack overflow;568
DWU260;TMAB;5;Ementa da disciplina, uma breve descrição;stack overflow;318
SDD247;TMAB;5;Ementa da disciplina, uma breve descrição;stack overflow;479
EKF203;TMAB;4;Ementa da disciplina, uma breve descrição;stack overflow;601
NDI229;TMAB;5;Ementa da disciplina, uma breve descrição;stack overflow;347
RRI130;TMAB;5;Ementa da disciplina, uma breve descrição;stack overflow;295
SDI180;TMAB;2;Ementa da disciplina, uma breve descrição;stack overflow;88
HSD138;TMAB;5;Ementa da disciplina, uma breve descrição;stack overflow;510
EXZ256;TMAB;6;Ementa da disciplina, uma breve descrição;stack overflow;492
FVM219;TMAB;6;Ementa da disciplina, uma breve descrição;stack overflow;301
KWH222;TMAB;3;Ementa da disciplina, uma breve descrição;stack overflow;974
FUF279;TMAB;5;Ementa da disciplina, uma breve descrição;stack overflow;824
QCM137;TMAB;1;Ementa da disciplina, uma breve descrição;stack overflow;133
HHY237;TMAB;1;Ementa da disciplina, uma breve descrição;stack overflow;348
FHB153;TMAB;5;Ementa da disciplina, uma breve descrição;stack overflow;326
RJT160;TMAB;4;Ementa da disciplina, uma breve descrição;stack overflow;548
GBV158;TMAB;5;Ementa da disciplina, uma breve descrição;stack overflow;720
BXE249;TMAB;6;Ementa da disciplina, uma breve descrição;stack overflow;421
RIK220;TMAB;3;Ementa da disciplina, uma breve descrição;stack overflow;529
YGW250;TMAB;6;Ementa da disciplina, uma breve descrição;stack overflow;710
JHZ263;TMAB;2;Ementa da disciplina, uma breve descrição;stack overflow;398
LFH110;TMAB;1;Ementa da disciplina, uma breve descrição;stack overflow;467
KUT209;TMAB;1;Ementa da disciplina, uma breve descrição;stack overflow;646
DRX261;TMAB;3;Ementa da disciplina, uma breve descrição;stack overflow;667
