0;Beatriz Laura Monteiro Silva
1;Helena Montenegro
2;Luciana Beatriz Neiva
3;Felipe Rodrigues
4;Claudio Neiva Montenegro
5;Lara Julia Monteiro
6;Hideo Rodrigues Rodrigues
7;Isabella Rodrigues
8;Julia Lago Vasconcelos
9;Claudio Gabriel Silva
10;Miguel Gabriel Silva Vasconcelos
11;Alice Carvalho Koster
12;Julia Fagundes Vasconcelos
13;Luiza Monteiro Lago
14;Felipe Hideo Lago Kojima
15;Thiago Hideo Neiva
16;David Carvalho Muniz
17;Gabriel Koster
18;Manuela Carvalho Ferraz
19;Claudio Felipe Kojima Silva
20;Diogo Hideo Vasconcelos Monteiro
21;Pedro David Ferraz
22;Gabriel Muniz
23;Diogo Pedro Ferraz
24;Guilherme David Fagundes
25;Gabriel Kojima Muniz
26;Beatriz Helena Kojima
27;Alice Vasconcelos
28;Marco Ferraz
29;Helena Luciana Monteiro Vasconcelos
30;Pedro Monteiro
31;Helena Neiva Carvalho
32;Bruno Miguel Ferraz Monteiro
33;Hideo Monteiro Vasconcelos
34;Pedro Vasconcelos Rodrigues
35;Isabella Luiza Neiva
36;Hideo Miguel Vasconcelos
37;Guilherme Rafael Fagundes Monteiro
38;Lara Monteiro Lago
39;Lara Koster Monteiro
40;Isabella Helena Neiva
41;Manuela Fagundes Silva
42;Alice Helena Fagundes
43;Laura Kojima Muniz
44;Guilherme David Vasconcelos Fagundes
45;Diogo Thiago Monteiro
46;Felipe Hideo Ferraz
47;Alice Laura Silva
48;Lara Isabella Neiva Koster
49;Gabriel Hideo Rodrigues
50;Felipe Miguel Fagundes
51;Gabriel Muniz
52;Sophia Neiva
53;Claudio Marco Koster Carvalho
54;Rafael Diogo Neiva Rodrigues
55;Gabriel Lago
56;Luiza Giovana Carvalho Silva
57;Helena Ferraz Vasconcelos
58;Laura Manuela Montenegro Neiva
59;Miguel Carvalho
60;Thiago David Monteiro
61;Julia Muniz Kojima
62;Rafael Miguel Neiva Carvalho
63;Bruno Guilherme Ferraz Fagundes
64;Bruno Montenegro
65;Pedro Silva Monteiro
66;Rafael Muniz Rodrigues
67;Helena Isabella Monteiro
68;Julia Alice Carvalho Kojima
69;Luciana Helena Vasconcelos
70;Giovana Luciana Muniz
71;Diogo Rafael Montenegro
72;Miguel Ferraz Montenegro
73;David Thiago Carvalho
74;Luiza Carvalho
75;Claudio Lago Neiva
76;Julia Giovana Koster
77;Bruno David Ferraz
78;Marco Montenegro
79;Thiago Miguel Vasconcelos
80;Laura Helena Monteiro Muniz
81;Rafael Miguel Carvalho Ferraz
82;Alice Helena Muniz
83;Luciana Vasconcelos
84;Hideo David Vasconcelos Silva
85;Claudio Pedro Carvalho
86;Beatriz Koster Neiva
87;Rafael Ferraz Montenegro
88;Lara Sophia Ferraz
89;Claudio Muniz
90;Hideo David Ferraz
91;Isabella Alice Lago
92;Thiago Carvalho
93;Rafael Pedro Neiva Silva
94;Beatriz Vasconcelos Rodrigues
95;Hideo Muniz Lago
96;Beatriz Isabella Fagundes
97;Luiza Rodrigues
98;Manuela Beatriz Koster Fagundes
99;Julia Luiza Montenegro
100;Sophia Monteiro Lago
101;Claudio Monteiro Rodrigues
102;Rafael David Koster
103;Hideo Kojima Silva
104;Manuela Helena Ferraz
105;Helena Luciana Ferraz Neiva
106;Miguel Marco Monteiro
107;Hideo Rafael Ferraz
108;Thiago Silva Neiva
109;Julia Isabella Neiva Rodrigues
110;Hideo Montenegro
111;Hideo Marco Rodrigues Ferraz
112;Gabriel David Monteiro
113;Julia Kojima
114;Lara Manuela Fagundes
115;David Marco Vasconcelos Monteiro
116;Gabriel Guilherme Carvalho Fagundes
117;Julia Ferraz
118;Guilherme Carvalho
119;Marco Felipe Fagundes
120;Lara Luiza Kojima
121;David Bruno Neiva Fagundes
122;Luciana Fagundes Rodrigues
123;Beatriz Monteiro
124;Rafael Silva
125;Thiago Miguel Neiva Montenegro
126;Julia Beatriz Lago
127;Beatriz Carvalho
128;Thiago David Vasconcelos
129;Lara Giovana Rodrigues Rodrigues
130;Diogo Lago
131;Marco Fagundes
132;Beatriz Koster Koster
133;Julia Sophia Ferraz Koster
134;Gabriel Thiago Kojima
135;Luiza Neiva
136;Manuela Ferraz Rodrigues
137;Giovana Julia Ferraz
138;Hideo David Muniz
139;Gabriel Claudio Fagundes Fagundes
140;Beatriz Silva Koster
141;Julia Ferraz Lago
142;Beatriz Julia Neiva
143;Manuela Luciana Rodrigues
144;Guilherme David Ferraz
145;Rafael Neiva
146;Laura Sophia Kojima
147;Helena Koster Kojima
148;Helena Giovana Neiva Monteiro
149;Laura Ferraz Kojima
150;Manuela Luiza Rodrigues
151;Helena Fagundes
152;Helena Luciana Koster
153;Isabella Giovana Kojima
154;Thiago Fagundes Ferraz
155;Thiago Guilherme Vasconcelos Neiva
156;Miguel Thiago Montenegro Ferraz
157;Helena Alice Monteiro
158;Gabriel Ferraz
159;Guilherme Hideo Monteiro Muniz
160;Felipe Marco Neiva Rodrigues
161;Isabella Laura Carvalho
162;Giovana Muniz
163;Marco Montenegro Montenegro
164;Luciana Alice Fagundes
165;Beatriz Montenegro
166;Sophia Isabella Kojima Silva
167;Isabella Luiza Neiva Lago
168;David Muniz
169;Pedro Vasconcelos
170;Laura Alice Rodrigues Muniz
171;Felipe Gabriel Muniz Lago
172;Thiago Carvalho Muniz
173;Rafael Koster
174;Alice Giovana Silva Silva
175;David Thiago Lago
176;Manuela Helena Neiva Monteiro
177;Manuela Kojima
178;Thiago Hideo Monteiro
179;Guilherme Gabriel Silva Muniz
180;Felipe Marco Muniz Monteiro
181;Marco Neiva
182;Felipe David Kojima Montenegro
183;Giovana Luciana Rodrigues
184;Guilherme Pedro Kojima Silva
185;Laura Lago Muniz
186;Thiago Kojima Fagundes
187;Claudio Kojima
188;Sophia Carvalho Rodrigues
189;Claudio Marco Silva Vasconcelos
190;Marco Gabriel Lago
191;Claudio Ferraz Montenegro
192;Beatriz Manuela Ferraz
193;Diogo Muniz Fagundes
194;Lara Giovana Fagundes Rodrigues
195;Felipe Carvalho Lago
196;Miguel Pedro Lago Silva
197;Sophia Lara Neiva
198;Thiago Montenegro
199;Bruno Miguel Carvalho
200;Guilherme David Koster
201;Alice Montenegro
202;Isabella Lara Rodrigues Fagundes
203;Hideo Bruno Lago
204;Alice Ferraz Ferraz
205;Rafael Lago
206;Pedro Carvalho
207;Thiago Muniz
208;Laura Giovana Carvalho Koster
209;Luiza Manuela Lago Muniz
210;Bruno Rafael Monteiro
211;Luiza Montenegro Montenegro
212;Gabriel Fagundes Fagundes
213;David Ferraz Kojima
214;Diogo Pedro Carvalho Montenegro
215;Luiza Silva
216;Miguel Muniz
217;Lara Montenegro Carvalho
218;Giovana Lago Carvalho
219;Helena Lara Lago
220;Thiago Rodrigues
221;Julia Lago Montenegro
222;Marco Lago
223;Miguel Felipe Muniz
224;Hideo Ferraz Fagundes
225;Lara Muniz Vasconcelos
226;Thiago Kojima
227;Manuela Laura Lago Kojima
228;Luiza Sophia Carvalho
229;Gabriel Hideo Lago Carvalho
230;Felipe Monteiro Montenegro
231;Giovana Ferraz
232;Giovana Monteiro Muniz
233;Alice Julia Montenegro Silva
234;Laura Fagundes
235;Bruno Gabriel Monteiro
236;Alice Rodrigues Muniz
237;Giovana Fagundes
238;Alice Fagundes Koster
239;Felipe Guilherme Koster Vasconcelos
240;Felipe Lago Kojima
241;Rafael Monteiro
242;Rafael Kojima
243;Miguel Marco Lago
244;Bruno Hideo Kojima
245;Miguel Rafael Muniz
246;Laura Giovana Rodrigues
247;David Thiago Montenegro
248;Guilherme Miguel Montenegro
249;Giovana Luiza Ferraz
250;Lara Giovana Vasconcelos Kojima
251;Julia Beatriz Silva
252;Felipe Vasconcelos Silva
253;Sophia Luciana Montenegro
254;Luiza Manuela Montenegro Silva
255;Luiza Laura Neiva
256;Isabella Muniz Vasconcelos
257;Pedro Montenegro
258;Marco Rodrigues
259;Luciana Giovana Silva
260;Guilherme Thiago Muniz
261;Rafael Bruno Ferraz
262;Lara Beatriz Lago Silva
263;Thiago Montenegro Fagundes
264;Pedro Koster
265;Marco Monteiro Rodrigues
266;Claudio Silva
267;Marco Neiva Silva
268;Thiago Marco Koster Lago
269;Giovana Sophia Rodrigues
270;Giovana Isabella Silva
271;Beatriz Vasconcelos
272;Isabella Fagundes
273;Miguel Muniz Rodrigues
274;Diogo Muniz
275;Laura Luciana Koster Kojima
276;Isabella Montenegro Silva
277;Miguel Neiva
278;Thiago Neiva
279;Luiza Laura Lago Monteiro
280;Alice Carvalho
281;Luiza Rodrigues Lago
282;Claudio David Vasconcelos Vasconcelos
283;Beatriz Rodrigues
284;Claudio Lago
285;Rafael Neiva
286;Luciana Fagundes
287;Isabella Fagundes
288;Felipe Guilherme Fagundes Koster
289;Hideo David Montenegro
290;David Silva Vasconcelos
291;Pedro Hideo Ferraz
292;Isabella Lago
293;Bruno Fagundes
294;Bruno Pedro Kojima Silva
295;Giovana Beatriz Koster Kojima
296;Helena Luiza Neiva
297;Manuela Rodrigues Kojima
298;Giovana Rodrigues Fagundes
299;Sophia Manuela Muniz
300;Giovana Ferraz
301;Hideo Marco Ferraz
302;Rafael Muniz Muniz
303;Marco Muniz
304;Luiza Giovana Fagundes Koster
305;Laura Muniz Neiva
306;Bruno Vasconcelos Silva
307;Gabriel Rodrigues
308;Manuela Montenegro
309;Guilherme Rafael Montenegro Silva
310;Hideo Claudio Rodrigues Carvalho
311;Helena Muniz Fagundes
312;Laura Lago Monteiro
313;Beatriz Alice Fagundes
314;Isabella Ferraz Neiva
315;Diogo Muniz Carvalho
316;Giovana Alice Monteiro
317;Diogo Fagundes
318;Lara Helena Vasconcelos
319;Lara Isabella Ferraz Rodrigues
320;Laura Beatriz Ferraz Carvalho
321;Alice Ferraz
322;Guilherme Miguel Vasconcelos Neiva
323;Marco Thiago Koster Lago
324;Sophia Montenegro
325;Julia Helena Silva Kojima
326;Thiago Monteiro Silva
327;Beatriz Vasconcelos Montenegro
328;Gabriel Rafael Kojima
329;Manuela Neiva
330;Lara Julia Carvalho
331;Alice Luiza Carvalho
332;Julia Silva Fagundes
333;Manuela Helena Muniz Rodrigues
334;Rafael Silva Monteiro
335;Rafael Koster
336;Giovana Helena Vasconcelos
337;Felipe Miguel Ferraz
338;Rafael Lago Montenegro
339;Helena Fagundes Vasconcelos
340;Isabella Koster
341;Beatriz Alice Koster
342;Diogo Felipe Silva
343;Sophia Monteiro
344;Luciana Lara Carvalho
345;Miguel Neiva Vasconcelos
346;Lara Monteiro Vasconcelos
347;Julia Vasconcelos
348;David Rafael Ferraz
349;Thiago Bruno Carvalho
350;Gabriel David Lago Montenegro
351;Rafael Muniz
352;Pedro Kojima Kojima
353;Julia Silva
354;Manuela Silva
355;Rafael Lago
356;Marco Gabriel Rodrigues
357;Isabella Giovana Kojima
358;Laura Neiva Koster
359;Lara Sophia Carvalho
360;Marco Rodrigues
361;Claudio Montenegro Muniz
362;Rafael Claudio Vasconcelos Rodrigues
363;Luiza Rodrigues
364;Miguel Neiva Vasconcelos
365;Julia Lago
366;Isabella Sophia Carvalho
367;Thiago Bruno Neiva
368;Rafael Bruno Lago Muniz
369;Rafael Fagundes
370;Alice Silva Monteiro
371;Thiago Silva Muniz
372;Manuela Ferraz Vasconcelos
373;Rafael David Muniz Montenegro
374;Beatriz Luciana Monteiro
375;Guilherme Thiago Montenegro
376;David Neiva
377;Sophia Neiva
378;Claudio Muniz Lago
379;Lara Sophia Vasconcelos
380;Lara Alice Fagundes
381;Alice Kojima
382;David Bruno Silva Koster
383;Helena Neiva
384;Diogo Claudio Koster
385;Claudio Koster Ferraz
386;Hideo Bruno Kojima Neiva
387;Lara Ferraz
388;Lara Muniz Neiva
389;Guilherme Bruno Neiva Kojima
390;Rafael Felipe Lago Neiva
391;Helena Monteiro
392;David Lago
393;Luciana Koster
394;Isabella Luciana Carvalho
395;Lara Carvalho
396;Luiza Silva
397;Luiza Koster
398;Isabella Giovana Monteiro Ferraz
399;Gabriel Koster
400;Hideo Rodrigues Kojima
401;Giovana Muniz Koster
402;Helena Silva
403;Isabella Julia Vasconcelos
404;Hideo Rodrigues
405;Manuela Rodrigues Monteiro
406;Rafael Rodrigues Monteiro
407;Diogo Miguel Rodrigues Rodrigues
408;Luiza Muniz
409;Alice Helena Neiva
410;Pedro Montenegro
411;David Muniz Neiva
412;Luiza Ferraz
413;Pedro Muniz
414;Guilherme Pedro Neiva Silva
415;Helena Luiza Monteiro Kojima
416;Lara Helena Silva Silva
417;Manuela Sophia Fagundes
418;Felipe Ferraz
419;Beatriz Muniz Carvalho
420;Thiago Koster Carvalho
421;Luciana Montenegro
422;Helena Alice Vasconcelos
423;Giovana Lara Montenegro
424;Felipe Lago
425;Marco Rodrigues
426;Helena Julia Ferraz
427;Laura Monteiro
428;Julia Kojima
429;Claudio Pedro Neiva
430;Laura Kojima
431;Isabella Vasconcelos
432;David Gabriel Silva
433;Hideo Carvalho Monteiro
434;Isabella Lara Neiva
435;Felipe Bruno Kojima Vasconcelos
436;Isabella Luiza Ferraz Muniz
437;Laura Montenegro Carvalho
438;Laura Lara Carvalho
439;Julia Giovana Koster Silva
440;Lara Kojima Vasconcelos
441;Pedro Rafael Fagundes Silva
442;Sophia Helena Rodrigues
443;Luiza Kojima Montenegro
444;Helena Vasconcelos Rodrigues
445;Gabriel Rafael Koster
446;Gabriel Ferraz
447;Diogo Thiago Monteiro
448;Miguel Guilherme Neiva
449;Gabriel Fagundes
450;David Miguel Vasconcelos
451;Claudio Fagundes Vasconcelos
452;Claudio Muniz
453;Miguel Felipe Rodrigues
454;Isabella Sophia Kojima Vasconcelos
455;Luiza Sophia Montenegro Neiva
456;Miguel Carvalho
457;Isabella Lago
458;Miguel Pedro Montenegro Montenegro
459;Thiago Ferraz
460;Marco Diogo Carvalho
461;Luiza Laura Muniz
462;Bruno Montenegro
463;Isabella Monteiro Carvalho
464;Rafael Marco Koster Neiva
465;Bruno Pedro Neiva
466;Manuela Ferraz
467;Rafael Bruno Silva
468;Julia Carvalho Montenegro
469;Laura Kojima Silva
470;Beatriz Isabella Ferraz
471;Luciana Julia Lago
472;Guilherme Montenegro Neiva
473;David Rodrigues Silva
474;Laura Lago
475;Lara Luciana Monteiro
476;Diogo Rodrigues Rodrigues
477;David Guilherme Lago Lago
478;Luciana Kojima
479;Luciana Lara Kojima
480;Lara Isabella Rodrigues
481;Helena Fagundes
482;Felipe Fagundes Fagundes
483;Sophia Manuela Fagundes
484;Julia Rodrigues Muniz
485;Felipe Gabriel Vasconcelos
486;Hideo Silva Fagundes
487;Alice Lara Montenegro Neiva
488;Lara Luiza Vasconcelos Silva
489;Miguel Monteiro
490;Giovana Laura Fagundes Ferraz
491;Isabella Alice Kojima Fagundes
492;Helena Isabella Rodrigues Silva
493;Diogo Kojima
494;Giovana Beatriz Rodrigues Montenegro
495;Diogo Koster
496;Claudio Monteiro Montenegro
497;Sophia Luiza Montenegro
498;Manuela Sophia Lago
499;Luciana Luiza Koster Carvalho
500;Pedro Thiago Silva Ferraz
501;Alice Rodrigues Vasconcelos
502;Hideo Gabriel Koster Koster
503;Helena Kojima
504;Isabella Kojima
505;Julia Laura Ferraz
506;Thiago Montenegro
507;Claudio Montenegro
508;Claudio Lago Neiva
509;Marco Muniz Rodrigues
510;Beatriz Muniz
511;Marco Lago Ferraz
512;Lara Montenegro
513;Isabella Lago Lago
514;Rafael Ferraz
515;Felipe Claudio Neiva
516;Bruno Ferraz Fagundes
517;Gabriel Pedro Neiva Montenegro
518;Julia Lara Vasconcelos
519;Alice Fagundes
520;Manuela Isabella Muniz Carvalho
521;Diogo Bruno Carvalho Rodrigues
522;Helena Lara Fagundes
523;Helena Sophia Silva
524;Claudio Miguel Carvalho Neiva
525;Sophia Vasconcelos Fagundes
526;Sophia Fagundes
527;Diogo Monteiro Muniz
528;Julia Ferraz
529;Sophia Giovana Lago
530;David Silva Carvalho
531;Giovana Lago Carvalho
532;Guilherme Monteiro Koster
533;Giovana Alice Neiva
534;Marco Rafael Fagundes
535;Gabriel Kojima
536;Miguel Koster
537;Gabriel Monteiro
538;Laura Alice Montenegro
539;Isabella Lago Silva
540;Gabriel Koster Koster
541;Pedro Rafael Vasconcelos Vasconcelos
542;Pedro Guilherme Fagundes
543;Beatriz Neiva
544;Alice Silva
545;Pedro Neiva
546;Guilherme Lago Kojima
547;Felipe Rodrigues Monteiro
548;Helena Fagundes Neiva
549;Pedro Hideo Rodrigues
550;David Bruno Silva Fagundes
551;Helena Giovana Muniz
552;Beatriz Sophia Rodrigues
553;Manuela Lara Silva Fagundes
554;Luciana Isabella Carvalho
555;David Ferraz Neiva
556;Pedro Rodrigues Neiva
557;Guilherme Rafael Monteiro
558;Beatriz Monteiro
559;Claudio Fagundes Kojima
560;Pedro Silva Lago
561;Beatriz Manuela Silva Vasconcelos
562;Beatriz Julia Monteiro
563;Bruno Miguel Silva Rodrigues
564;Luiza Monteiro
565;Marco Felipe Silva Kojima
566;Rafael Hideo Rodrigues
567;Alice Ferraz Monteiro
568;Gabriel Montenegro
569;Laura Manuela Rodrigues Montenegro
570;Miguel Thiago Lago
571;Luiza Giovana Montenegro
572;Julia Helena Monteiro Lago
573;Guilherme Vasconcelos Carvalho
574;Laura Helena Ferraz Koster
575;Beatriz Monteiro Muniz
576;Luiza Lago
577;Julia Kojima Montenegro
578;Helena Giovana Carvalho Neiva
579;Bruno David Lago Rodrigues
580;Helena Alice Vasconcelos
581;Sophia Ferraz Koster
582;Miguel Guilherme Koster
583;Luiza Rodrigues
584;Felipe Rafael Silva
585;Thiago Claudio Neiva Carvalho
586;Giovana Sophia Muniz Vasconcelos
587;Claudio Carvalho Kojima
588;Laura Luciana Lago Vasconcelos
589;Isabella Beatriz Carvalho Fagundes
590;Alice Vasconcelos Lago
591;Pedro Koster
592;Sophia Vasconcelos Koster
593;Felipe Neiva
594;Thiago Rafael Carvalho
595;Rafael Gabriel Lago
596;Bruno Thiago Lago Koster
597;Claudio Bruno Muniz Koster
598;Diogo Hideo Lago Ferraz
599;Diogo Carvalho Rodrigues
600;Laura Montenegro Fagundes
601;Alice Beatriz Lago Fagundes
602;Rafael Fagundes Silva
603;Marco Silva Fagundes
604;Sophia Isabella Lago Carvalho
605;Bruno Felipe Ferraz Vasconcelos
606;Marco Gabriel Fagundes Carvalho
607;Guilherme Thiago Rodrigues Carvalho
608;Bruno Carvalho Muniz
609;Julia Sophia Silva
610;Manuela Kojima Fagundes
611;Luiza Luciana Montenegro
612;Gabriel Rodrigues
613;Miguel Fagundes
614;Miguel Lago
615;Laura Helena Lago Muniz
616;Thiago Carvalho Carvalho
617;Luciana Koster Montenegro
618;Manuela Alice Lago Silva
619;Pedro Marco Rodrigues Silva
620;Luiza Manuela Carvalho
621;Manuela Lago
622;Sophia Helena Kojima
623;Alice Beatriz Vasconcelos
624;Diogo David Vasconcelos Kojima
625;Beatriz Lara Monteiro Muniz
626;Felipe Muniz Monteiro
627;Hideo Miguel Vasconcelos Vasconcelos
628;Laura Lago
629;Luciana Montenegro
630;Rafael David Rodrigues
631;Manuela Alice Lago Muniz
632;Julia Vasconcelos
633;Alice Beatriz Neiva
634;Claudio Vasconcelos
635;Luiza Lara Silva Vasconcelos
636;Sophia Fagundes
637;Miguel Rodrigues
638;Lara Carvalho Fagundes
639;Luciana Giovana Silva Silva
640;Beatriz Silva Vasconcelos
641;David Ferraz
642;Lara Manuela Montenegro
643;David Carvalho Fagundes
644;Isabella Laura Monteiro
645;Miguel Hideo Koster
646;Luiza Isabella Kojima Silva
647;Giovana Luciana Vasconcelos
648;Marco David Rodrigues Muniz
649;Laura Rodrigues
650;Guilherme Neiva Lago
651;Sophia Beatriz Koster
652;Helena Luciana Monteiro
653;Beatriz Ferraz Carvalho
654;Pedro Diogo Montenegro Kojima
655;Beatriz Isabella Rodrigues
656;Gabriel Pedro Neiva Montenegro
657;Bruno Monteiro
658;Luciana Isabella Silva Vasconcelos
659;Felipe Claudio Lago Montenegro
660;Lara Monteiro
661;Laura Muniz
662;Beatriz Neiva
663;Marco Rafael Carvalho Carvalho
664;Miguel Guilherme Kojima Koster
665;Helena Neiva
666;Diogo Miguel Ferraz
667;Pedro Diogo Neiva
668;Diogo Guilherme Koster Koster
669;Beatriz Isabella Ferraz
670;Lara Beatriz Rodrigues Koster
671;Diogo David Fagundes Silva
672;Luciana Ferraz
673;Diogo Kojima Kojima
674;Gabriel Guilherme Monteiro
675;Felipe Rafael Muniz Koster
676;Laura Silva Vasconcelos
677;Giovana Ferraz Muniz
678;Luciana Beatriz Carvalho Lago
679;Marco Guilherme Lago Carvalho
680;Isabella Manuela Muniz Lago
681;Felipe Koster
682;Thiago Diogo Ferraz Lago
683;Bruno Rafael Fagundes Vasconcelos
684;Laura Lago
685;Thiago Diogo Vasconcelos
686;Diogo Fagundes Kojima
687;Sophia Helena Kojima
688;Luciana Sophia Muniz Rodrigues
689;Rafael Ferraz Ferraz
690;Julia Koster
691;Giovana Rodrigues Carvalho
692;Sophia Carvalho Rodrigues
693;Manuela Neiva Lago
694;Manuela Giovana Vasconcelos Lago
695;Claudio Carvalho
696;Claudio Muniz
697;Pedro Kojima
698;Thiago Hideo Ferraz Fagundes
699;Felipe Diogo Neiva Silva
700;Julia Giovana Fagundes Monteiro
701;Pedro Claudio Kojima
702;Laura Ferraz Fagundes
703;Helena Carvalho Lago
704;Giovana Neiva
705;Pedro Muniz
706;Felipe Neiva
707;Alice Ferraz
708;Sophia Manuela Ferraz Fagundes
709;Luiza Helena Carvalho
710;Luiza Giovana Montenegro
711;Helena Giovana Neiva Koster
712;Luciana Koster Kojima
713;Sophia Neiva Lago
714;Thiago Felipe Fagundes Montenegro
715;Thiago Ferraz Silva
716;Sophia Muniz Ferraz
717;Marco Felipe Lago
718;Claudio Diogo Koster
719;Felipe Claudio Muniz
720;Manuela Ferraz Montenegro
721;Hideo Pedro Rodrigues
722;David Carvalho
723;Guilherme Silva
724;Helena Lago Carvalho
725;Thiago Muniz Silva
726;Gabriel Neiva Ferraz
727;Luiza Alice Fagundes
728;Felipe Guilherme Carvalho Vasconcelos
729;Marco Bruno Muniz
730;Thiago Koster Lago
731;Manuela Julia Lago Kojima
732;Luciana Neiva Neiva
733;Helena Lara Ferraz Carvalho
734;Pedro Rafael Ferraz
735;Giovana Beatriz Kojima Koster
736;Diogo Monteiro Neiva
737;Luiza Isabella Muniz Fagundes
738;Felipe Bruno Lago
739;Manuela Beatriz Monteiro
740;Marco Montenegro Fagundes
741;Isabella Monteiro Muniz
742;Gabriel Claudio Carvalho
743;Guilherme Montenegro Montenegro
744;Marco Fagundes
745;Miguel Guilherme Montenegro
746;Guilherme Fagundes Rodrigues
747;Thiago Fagundes
748;Sophia Silva
749;Bruno Rafael Monteiro
750;Rafael Koster Koster
751;Gabriel Guilherme Ferraz
752;Isabella Rodrigues Carvalho
753;Alice Monteiro
754;Manuela Kojima
755;Luciana Muniz
756;Diogo Miguel Rodrigues
757;Pedro Fagundes Kojima
758;Felipe Silva Koster
759;Manuela Luiza Rodrigues Koster
760;Miguel Neiva Kojima
761;Miguel Kojima
762;Luciana Vasconcelos
763;Pedro Carvalho Vasconcelos
764;Thiago Fagundes
765;Miguel Silva Vasconcelos
766;Giovana Neiva Fagundes
767;Laura Lara Lago Silva
768;Thiago David Fagundes
769;Thiago Carvalho Vasconcelos
770;Laura Alice Neiva
771;Julia Lara Koster
772;Lara Kojima
773;Marco Pedro Muniz Carvalho
774;Hideo Muniz Rodrigues
775;Luciana Vasconcelos Kojima
776;Sophia Laura Rodrigues
777;Lara Beatriz Vasconcelos Lago
778;Claudio Vasconcelos Neiva
779;Claudio Neiva Carvalho
780;Manuela Giovana Neiva
781;Luciana Giovana Silva Silva
782;Alice Silva
783;Guilherme David Muniz Kojima
784;Bruno Carvalho
785;Beatriz Monteiro
786;David Bruno Rodrigues
787;Isabella Beatriz Neiva Rodrigues
788;Marco Neiva Koster
789;Beatriz Helena Rodrigues
790;Miguel Claudio Rodrigues
791;Luciana Kojima
792;Luiza Silva
793;Isabella Koster Carvalho
794;Hideo Ferraz
795;Lara Julia Muniz
796;Thiago Claudio Vasconcelos
797;Luiza Helena Carvalho Vasconcelos
798;Pedro Thiago Montenegro Fagundes
799;Thiago Koster Koster
800;Helena Laura Neiva Koster
801;Isabella Lago
802;Sophia Muniz
803;Manuela Silva
804;Lara Fagundes
805;Gabriel Guilherme Kojima Koster
806;Julia Silva Montenegro
807;Luiza Helena Fagundes
808;Beatriz Rodrigues Kojima
809;Luciana Monteiro
810;Luciana Giovana Koster
811;Marco Hideo Muniz
812;Isabella Carvalho Carvalho
813;Felipe Kojima
814;Alice Beatriz Neiva
815;Marco Felipe Kojima Koster
816;Bruno Claudio Neiva Fagundes
817;Alice Ferraz
818;Claudio Hideo Fagundes Muniz
819;Guilherme Monteiro
820;Thiago Lago Kojima
821;Thiago Pedro Silva
822;Miguel Vasconcelos
823;Rafael Miguel Muniz
824;Claudio Felipe Lago
825;Marco Kojima
826;Rafael Bruno Montenegro Fagundes
827;Laura Manuela Lago
828;Miguel Gabriel Carvalho Kojima
829;Giovana Rodrigues Lago
830;Miguel Koster Kojima
831;Sophia Manuela Fagundes
832;Hideo Monteiro Koster
833;Gabriel Hideo Neiva Muniz
834;Miguel Montenegro
835;Isabella Luiza Vasconcelos
836;Giovana Neiva Montenegro
837;Guilherme Bruno Monteiro
838;Lara Manuela Fagundes
839;Lara Ferraz
840;Alice Julia Ferraz Silva
841;Isabella Luciana Kojima
842;Miguel Monteiro
843;Guilherme Carvalho Vasconcelos
844;Lara Ferraz Neiva
845;Rafael Fagundes
846;Bruno Guilherme Monteiro
847;Laura Muniz
848;Isabella Silva
849;Thiago Bruno Neiva
850;Sophia Isabella Montenegro
851;Diogo Lago
852;Pedro Fagundes
853;Beatriz Isabella Carvalho
854;Guilherme Miguel Montenegro
855;Manuela Ferraz
856;Luiza Alice Rodrigues
857;Lara Fagundes Vasconcelos
858;Rafael Gabriel Carvalho
859;Luciana Julia Fagundes
860;Diogo Neiva Vasconcelos
861;Diogo Marco Silva
862;Lara Isabella Koster
863;Julia Sophia Carvalho
864;David Muniz Kojima
865;Lara Neiva Carvalho
866;Rafael David Silva Fagundes
867;Marco Pedro Lago
868;Lara Laura Rodrigues
869;Miguel Silva Ferraz
870;Julia Manuela Rodrigues Silva
871;Rafael Ferraz
872;Thiago Bruno Lago
873;David Lago Carvalho
874;Luiza Isabella Montenegro
875;Alice Luiza Ferraz
876;Sophia Luiza Vasconcelos Vasconcelos
877;Helena Alice Kojima
878;Manuela Luiza Ferraz
879;Julia Montenegro Muniz
880;Julia Luciana Neiva Kojima
881;Thiago Carvalho Montenegro
882;Sophia Luiza Neiva Kojima
883;Rafael Muniz Silva
884;Felipe Thiago Kojima Carvalho
885;Luciana Beatriz Fagundes Kojima
886;Pedro Marco Monteiro Rodrigues
887;Sophia Alice Muniz Vasconcelos
888;Julia Alice Lago
889;Sophia Ferraz
890;Miguel Silva Neiva
891;Helena Muniz
892;Lara Giovana Fagundes
893;Diogo Gabriel Muniz Fagundes
894;Luciana Julia Silva
895;Thiago Guilherme Montenegro
896;Claudio Muniz
897;Gabriel Pedro Koster Neiva
898;Claudio Kojima
899;Diogo Montenegro Montenegro
900;Sophia Beatriz Neiva Lago
901;Giovana Kojima Rodrigues
902;Claudio Felipe Kojima
903;Bruno Guilherme Ferraz Montenegro
904;David Kojima Vasconcelos
905;Diogo Muniz
906;Rafael Vasconcelos Lago
907;Pedro Muniz
908;Hideo Gabriel Fagundes
909;Isabella Montenegro Vasconcelos
910;Rafael Koster
911;Gabriel Hideo Vasconcelos
912;Helena Julia Koster
913;Manuela Lago Carvalho
914;Rafael Ferraz Silva
915;Julia Silva Rodrigues
916;Marco Ferraz Fagundes
917;Luciana Monteiro
918;Julia Helena Kojima
919;Manuela Koster
920;Alice Julia Vasconcelos
921;Sophia Rodrigues Vasconcelos
922;Manuela Neiva
923;Lara Giovana Monteiro Fagundes
924;Felipe David Ferraz Muniz
925;Diogo Neiva Koster
926;Alice Silva
927;Guilherme Pedro Ferraz
928;Beatriz Monteiro
929;Bruno Carvalho
930;Lara Helena Koster Muniz
931;Marco Ferraz
932;Bruno Fagundes
933;Julia Kojima
934;Giovana Alice Neiva Montenegro
935;Rafael Lago Ferraz
936;Bruno Claudio Muniz Silva
937;Manuela Monteiro Montenegro
938;Sophia Muniz
939;Isabella Sophia Silva Montenegro
940;Marco Rodrigues Koster
941;David Silva
942;Pedro Bruno Fagundes
943;Lara Vasconcelos Vasconcelos
944;Helena Laura Vasconcelos Fagundes
945;Diogo Monteiro
946;Bruno Hideo Montenegro
947;Sophia Luiza Vasconcelos
948;Pedro Claudio Neiva
949;Pedro Silva Neiva
950;Bruno Miguel Fagundes
951;Marco Montenegro
952;Beatriz Silva
953;Julia Kojima Ferraz
954;Miguel Diogo Ferraz Montenegro
955;Claudio Marco Ferraz Rodrigues
956;Julia Silva Ferraz
957;Julia Beatriz Vasconcelos Carvalho
958;Manuela Helena Koster Rodrigues
959;Laura Isabella Lago Koster
960;David Claudio Monteiro Lago
961;Julia Neiva Lago
962;Beatriz Giovana Monteiro Kojima
963;Hideo Carvalho
964;Manuela Vasconcelos
965;Beatriz Montenegro
966;Giovana Lago
967;Guilherme Miguel Monteiro
968;Julia Ferraz Rodrigues
969;Guilherme Ferraz
970;Luiza Beatriz Ferraz
971;Luciana Lago Vasconcelos
972;Marco Felipe Ferraz Carvalho
973;David Thiago Vasconcelos Vasconcelos
974;Alice Carvalho Silva
975;Alice Kojima Koster
976;Thiago Monteiro
977;Manuela Julia Monteiro
978;Manuela Beatriz Ferraz Monteiro
979;Marco David Koster Ferraz
980;Manuela Isabella Ferraz
981;David Guilherme Neiva Rodrigues
982;David Pedro Ferraz Koster
983;Beatriz Kojima Silva
984;Luciana Silva
985;Rafael Vasconcelos Lago
986;Thiago Neiva Rodrigues
987;Julia Luciana Kojima Kojima
988;Luiza Neiva
989;Claudio Felipe Rodrigues Fagundes
990;Lara Laura Muniz
991;Bruno Miguel Neiva Vasconcelos
992;Sophia Carvalho
993;Pedro Koster Montenegro
994;Giovana Silva Monteiro
995;Sophia Laura Rodrigues
996;David Ferraz
997;Marco Hideo Ferraz Montenegro
998;Manuela Carvalho
999;David Fagundes Monteiro
